,PC Name,No,Type,State,Winning Candidate,Party,Electors,Votes,Turnout,Margin,Margin %
1,Adilabad,1,ST,Telangana,Soyam Bapu Rao,Bharatiya Janta Party,"13,82,837","10,63,730",77.9 %,"58,560",5.50%
2,Agra,18,SC,Uttar Pradesh [2000 Onwards],Satyapal Singh Baghel,Bharatiya Janta Party,"18,66,262","11,45,323",61.7 %,"2,11,546",18.50%
3,Ahmadnagar,37,GEN,Maharashtra,Dr. Sujay Radhakrishna Vikhepatil,Bharatiya Janta Party,"17,93,677","12,03,797",67.3 %,"2,81,474",23.40%
4,Ahmedabad East,7,GEN,Gujarat,Patel Hasmukhbhai Somabhai,Bharatiya Janta Party,"17,13,598","11,16,367",65.7 %,"4,34,330",38.90%
5,Ahmedabad West,8,SC,Gujarat,Dr. Kirit P. Solanki,Bharatiya Janta Party,"15,80,673","9,97,024",64.0 %,"3,21,546",32.30%
6,Ajmer,13,GEN,Rajasthan,Bhagirath Chaudhary,Bharatiya Janta Party,"18,44,532","12,62,214",69.0 %,"4,16,424",33.00%
7,Akbarpur,44,GEN,Uttar Pradesh [2000 Onwards],Devendra Singh 'bhole',Bharatiya Janta Party,"17,14,490","10,25,314",60.3 %,"2,75,142",26.80%
8,Akola,6,GEN,Maharashtra,Dhotre Sanjay Shamrao,Bharatiya Janta Party,"17,57,645","11,19,440",64.2 %,"2,75,596",24.60%
9,Alappuzha,15,GEN,Kerala,Adv. A M Ariff,Communist Party Of India (Marxist),"12,98,061","10,88,728",84.3 %,"10,474",1.00%
10,Alathur,9,SC,Kerala,Ramya Haridas,Indian National Congress,"12,19,063","10,18,743",84.2 %,"1,58,968",15.60%
11,Aligarh,15,GEN,Uttar Pradesh [2000 Onwards],Satish Kumar Gautam,Bharatiya Janta Party,"18,47,005","11,63,184",63.3 %,"2,29,261",19.70%
12,Alipurduars,2,ST,West Bengal,John Barla,Bharatiya Janta Party,"15,27,563","13,80,217",91.7 %,"2,43,989",17.70%
13,Allahabad,52,GEN,Uttar Pradesh [2000 Onwards],Rita Bahuguna Joshi,Bharatiya Janta Party,"16,79,883","8,89,056",53.4 %,"1,84,275",20.70%
14,Almora,3,SC,Uttarakhand,Ajay Tamta,Bharatiya Janta Party,"12,87,611","6,94,472",55.1 %,"2,32,986",33.50%
15,Alwar,8,GEN,Rajasthan,Balak Nath,Bharatiya Janta Party,"20,59,180","12,65,674",61.7 %,"3,29,971",26.10%
16,Amalapuram,7,,Andhra Pradesh [2014 Onwards],Chinta Anuradha,Yuvajana Sramika Rythu Congress Party,"11,56,280","12,32,895",108.1 %,"39,795",3.20%
17,Ambala,1,SC,Haryana,Rattan Lal Kataria,Bharatiya Janta Party,"17,57,524","13,16,235",75.3 %,"3,42,345",26.00%
18,Ambedkar Nagar,55,GEN,Uttar Pradesh [2000 Onwards],Ritesh Pandey,Bahujan Samaj Party,"17,44,287","10,90,152",63.2 %,"95,880",8.80%
19,Amethi,37,GEN,Uttar Pradesh [2000 Onwards],Smriti Irani,Bharatiya Janta Party,"17,03,510","9,42,453",55.6 %,"55,120",5.80%
20,Amravati,7,SC,Maharashtra,Navnit Ravi Rana,Independent,"17,52,097","11,12,385",63.8 %,"36,951",3.30%
21,Amreli,14,GEN,Gujarat,Kachhadiya Naranbhai Bhikhabhai,Bharatiya Janta Party,"16,02,346","9,09,167",57.8 %,"2,01,431",22.20%
22,Amritsar,2,GEN,Punjab,Gurjeet Singh Aujla,Indian National Congress,"14,68,972","8,59,513",59.1 %,"99,626",11.60%
23,Amroha,9,GEN,Uttar Pradesh [2000 Onwards],Kunwar Danish Ali,Bahujan Samaj Party,"15,96,897","11,69,182",73.6 %,"63,248",5.40%
24,Anakapalli,5,,Andhra Pradesh [2014 Onwards],Dr.Beesetti Venkata Satyavathi,Yuvajana Sramika Rythu Congress Party,"13,97,335","12,38,491",91.1 %,"89,192",7.20%
25,Anand,16,GEN,Gujarat,Patel Mitesh Rameshbhai (BAKABHAI),Bharatiya Janta Party,"16,14,307","11,08,661",69.8 %,"1,97,718",17.80%
26,Anandpur Sahib,6,GEN,Punjab,Manish Tewari,Indian National Congress,"16,48,822","10,81,727",66.7 %,"46,884",4.30%
27,Anantapur,19,,Andhra Pradesh [2014 Onwards],Talari Rangaiah,Yuvajana Sramika Rythu Congress Party,"14,89,758","13,42,306",91.2 %,"1,41,428",10.50%
28,Anantnag,3,,Jammu & Kashmir,Hasnain Masoodi,Jammu & Kashmir National Conference,"13,01,023","1,24,896",9.7 %,"6,676",5.30%
29,Andaman And Nicobar Islands,1,GEN,Andaman & Nicobar Islands,Kuldeep Rai Sharma,Indian National Congress,"2,69,360","2,07,296",77.5 %,"1,407",0.70%
30,Aonla,24,GEN,Uttar Pradesh [2000 Onwards],Dharmendra Kashyap,Bharatiya Janta Party,"17,50,190","10,52,795",60.7 %,"1,13,743",10.80%
31,Arakkonam,7,GEN,Tamil Nadu,S. Jagathrakshakan,Dravida Munetra Kazhagam,"14,61,110","11,78,060",81.5 %,"3,28,956",27.90%
32,Arambagh,29,SC,West Bengal,Aparupa Poddar (AFRIN ALI),All India Trinamool Congress,"16,31,133","14,71,981",91.5 %,"1,142",0.10%
33,Arani,12,GEN,Tamil Nadu,Vishnu Prasad M K,Indian National Congress,"14,07,725","11,43,907",82.5 %,"2,30,806",20.20%
34,Araria,9,GEN,Bihar [2000 Onwards],Pradeep Kumar Singh,Bharatiya Janta Party,"14,69,717","11,69,630",81.0 %,"1,37,241",11.70%
35,Arrah,32,GEN,Bihar [2000 Onwards],R. K. Singh,Bharatiya Janta Party,"20,55,316","10,80,684",53.6 %,"1,47,285",13.60%
36,Aruku,1,,Andhra Pradesh [2014 Onwards],Goddeti. Madhavi,Yuvajana Sramika Rythu Congress Party,"13,58,657","10,74,538",82.6 %,"2,24,089",20.90%
37,Arunachal East,2,GENP,Arunachal Pradesh,Tapir Gao,Bharatiya Janta Party,"3,35,682","2,93,781",89.2 %,"69,948",23.80%
38,Arunachal West,1,GENP,Arunachal Pradesh,Kiren Rijiju,Bharatiya Janta Party,"4,58,680","3,58,310",78.5 %,"1,74,843",48.80%
39,Asansol,40,GEN,West Bengal,Babul Supriyo,Bharatiya Janta Party,"17,70,467","12,38,135",70.8 %,"1,97,637",16.00%
40,Aska,19,GEN,Orissa,Pramila Bisoyi,Biju Janata Dal,"14,94,153","10,13,862",69.0 %,"2,04,707",20.20%
41,Attingal,19,GEN,Kerala,Adv. Adoor Prakash,Indian National Congress,"13,13,675","10,04,888",76.9 %,"38,247",3.80%
42,Aurangabad,19,GEN,Maharashtra,Imtiaz Jaleel Syed,All India Majlis-E-Ittehadul Muslimeen,"17,62,823","11,98,221",68.3 %,"4,492",0.40%
43,Aurangabad,37,GEN,Bihar [2000 Onwards],Sushil Kumar Singh,Bharatiya Janta Party,"17,37,821","9,41,595",55.5 %,"72,607",7.70%
44,Autonomous District,3,ST,Assam,Horen Sing Bey,Bharatiya Janta Party,"7,61,744","6,17,735",82.2 %,"2,39,626",38.80%
45,Azamgarh,69,GEN,Uttar Pradesh [2000 Onwards],Akhilesh Yadav,Samajwadi Party,"17,73,820","10,29,112",58.4 %,"2,59,874",25.30%
46,Badaun,23,GEN,Uttar Pradesh [2000 Onwards],Dr. Sanghmitra Maurya,Bharatiya Janta Party,"21,99,914","10,81,108",49.5 %,"18,454",1.70%
47,Bagalkot,3,GEN,Karnataka,Gaddigoudar Parvatagouda Chandanagouda,Bharatiya Janta Party,"16,88,394","12,04,613",72.0 %,"1,68,187",14.00%
48,Baghpat,11,GEN,Uttar Pradesh [2000 Onwards],Dr. Satyapal Singh,Bharatiya Janta Party,"15,58,020","10,44,894",67.4 %,"23,502",2.20%
49,Baharampur,10,GEN,West Bengal,Adhir Ranjan Chowdhury,Indian National Congress,"17,46,812","12,99,997",75.2 %,"80,696",6.20%
50,Bahraich,56,SC,Uttar Pradesh [2000 Onwards],Akshaibar Lal,Bharatiya Janta Party,"16,86,646","9,89,848",59.5 %,"1,28,752",13.00%
51,Balaghat,15,GEN,Madhya Pradesh [2000 Onwards],Dr Dhal Singh Bisen,Bharatiya Janta Party,"17,25,505","13,72,018",79.8 %,"2,42,066",17.60%
52,Balasore,6,GEN,Orissa,Pratap Chandra Sarangi,Bharatiya Janta Party,"14,71,650","11,57,871",79.2 %,"12,956",1.10%
53,Ballia,72,GEN,Uttar Pradesh [2000 Onwards],Virendra Singh,Bharatiya Janta Party,"17,92,821","9,89,732",55.7 %,"15,519",1.60%
54,Balurghat,6,GEN,West Bengal,Sukanta Majumdar,Bharatiya Janta Party,"15,43,162","11,97,849",78.5 %,"33,293",2.80%
55,Banaskantha,2,GEN,Gujarat,Parbatbhai Savabhai Patel,Bharatiya Janta Party,"15,12,076","11,02,081",73.7 %,"3,68,296",33.40%
56,Banda,48,GEN,Uttar Pradesh [2000 Onwards],R.K. Singh Patel,Bharatiya Janta Party,"16,59,357","10,34,549",63.5 %,"58,938",5.70%
57,Bangalore Cent,25,GEN,Karnataka,P. C. Mohan,Bharatiya Janta Party,"21,65,307","11,97,234",55.8 %,"70,968",5.90%
58,Bangalore Nort,24,GEN,Karnataka,D.V. Sadananda Gowda,Bharatiya Janta Party,"28,19,424","15,59,459",55.7 %,"1,47,518",9.50%
59,Bangalore Rura,23,GEN,Karnataka,D.K. Suresh,Indian National Congress,"16,01,076","16,21,906",102.1 %,"2,06,870",12.80%
60,Bangalore Sout,26,GEN,Karnataka,Tejasvi Surya,Bharatiya Janta Party,"21,75,375","11,88,491",55.1 %,"3,31,192",27.90%
61,Bangaon,14,SC,West Bengal,Shantanu Thakur,Bharatiya Janta Party,"16,18,541","14,07,758",87.4 %,"1,11,594",7.90%
62,Banka,27,GEN,Bihar [2000 Onwards],Giridhari Yadav,Janata Dal (United),"16,87,940","9,95,806",59.4 %,"2,00,532",20.10%
63,Bankura,36,GEN,West Bengal,Dr. Subhas Sarkar,Bharatiya Janta Party,"17,70,248","13,71,855",78.3 %,"1,74,333",12.70%
64,Bansgaon,67,SC,Uttar Pradesh [2000 Onwards],Kamlesh Paswan,Bharatiya Janta Party,"17,48,683","9,69,136",56.2 %,"1,53,468",15.80%
65,Banswara,20,ST,Rajasthan,Kanakmal Katara,Bharatiya Janta Party,"19,20,325","14,39,671",76.5 %,"3,05,464",21.20%
66,Bapatla,15,,Andhra Pradesh [2014 Onwards],Nandigam Suresh,Yuvajana Sramika Rythu Congress Party,"13,61,646","12,66,492",94.0 %,"16,065",1.30%
67,Barabanki,53,SC,Uttar Pradesh [2000 Onwards],Upendra Singh Rawat,Bharatiya Janta Party,"17,62,832","11,55,341",66.0 %,"1,10,140",9.50%
68,Baramati,35,GEN,Maharashtra,Supriya Sule,Nationalist Congress Party,"20,25,795","13,04,728",64.8 %,"1,55,774",11.90%
69,Baramulla,1,,Jammu & Kashmir,Mohammad Akbar Lone,Jammu & Kashmir National Conference,"11,90,745","4,55,550",38.9 %,"30,233",6.60%
70,Barasat,17,GEN,West Bengal,Dr. Kakoli Ghoshdastidar,All India Trinamool Congress,"18,82,204","13,94,766",75.1 %,"1,09,983",7.90%
71,Bardhaman Purb,38,SC,West Bengal,Sunil Kumar Mondal,All India Trinamool Congress,"18,36,635","14,39,286",79.0 %,"89,311",6.20%
72,Bardoli,23,ST,Gujarat,Parbhubhai Nagarbhai Vasava,Bharatiya Janta Party,"17,79,851","13,48,038",77.0 %,"2,15,447",16.00%
73,Bareilly,25,GEN,Uttar Pradesh [2000 Onwards],Santosh Kumar Gangwar,Bharatiya Janta Party,"17,60,865","10,68,342",60.9 %,"1,67,282",15.70%
74,Bargarh,1,GEN,Orissa,Suresh Pujari,Bharatiya Janta Party,"15,30,044","12,47,912",82.5 %,"63,939",5.10%
75,Barmer,17,GEN,Rajasthan,Kailash Choudhary,Bharatiya Janta Party,"23,20,339","14,22,271",62.1 %,"3,23,808",22.80%
76,Barpeta,6,GEN,Assam,Abdul Khaleque,Indian National Congress,"14,49,560","14,58,549",101.3 %,"1,40,307",9.60%
77,Barrackpore,15,GEN,West Bengal,Arjun Singh,Bharatiya Janta Party,"15,51,157","11,04,517",72.0 %,"14,857",1.30%
78,Basirhat,18,GEN,West Bengal,Nusrat Jahan Ruhi,All India Trinamool Congress,"18,33,511","14,33,339",78.7 %,"3,50,369",24.40%
79,Bastar,10,ST,Chhattisgarh,Deepak Baij,Indian National Congress,"13,57,443","9,12,846",70.3 %,"38,982",4.30%
80,Basti,61,GEN,Uttar Pradesh [2000 Onwards],Harish Chandra Alias Harish Dwivedi,Bharatiya Janta Party,"18,39,900","10,54,539",57.9 %,"30,354",2.90%
81,Bathinda,11,GEN,Punjab,Harsimrat Kaur Badal,Shiromani Akali Dal,"15,89,895","12,00,810",76.4 %,"21,772",1.80%
82,Beed,39,GEN,Maharashtra,Pritam Gopinathrao Munde,Bharatiya Janta Party,"16,21,102","13,52,399",83.6 %,"1,68,368",12.40%
83,Begusarai,24,GEN,Bihar [2000 Onwards],Giriraj Singh,Bharatiya Janta Party,"19,42,769","12,25,594",64.1 %,"4,22,217",34.40%
84,Belgaum,2,GEN,Karnataka,Angadi Suresh Channabasappa,Bharatiya Janta Party,"17,49,746","12,05,229",69.1 %,"3,91,304",32.50%
85,Bellary,9,ST,Karnataka,Y. Devendrappa,Bharatiya Janta Party,"17,13,330","12,21,926",71.9 %,"55,707",4.60%
86,Berhampur,20,GEN,Orissa,Chandra Sekhar Sahu,Biju Janata Dal,"14,33,671","9,89,910",70.1 %,"94,844",9.60%
87,Betul,29,ST,Madhya Pradesh [2000 Onwards],Durga Das (D.D.) UIKEY,Bharatiya Janta Party,"17,02,517","13,57,857",81.1 %,"3,60,241",26.50%
88,Bhadohi,78,GEN,Uttar Pradesh [2000 Onwards],Ramesh Chand,Bharatiya Janta Party,"18,86,673","10,39,390",55.6 %,"43,615",4.20%
89,Bhadrak,7,SC,Orissa,Manjulata Mandal,Biju Janata Dal,"15,83,464","12,23,754",77.7 %,"28,803",2.40%
90,Bhagalpur,26,GEN,Bihar [2000 Onwards],Ajay Kumar Mandal,Janata Dal (United),"18,11,980","10,42,518",59.3 %,"2,77,630",26.60%
91,Bhandara - Gon,11,GEN,Maharashtra,Sunil Baburao Mendhe,Bharatiya Janta Party,"17,56,518","12,44,931",71.5 %,"1,97,394",15.90%
92,Bharatpur,9,SC,Rajasthan,Ranjeeta Koli,Bharatiya Janta Party,"18,97,465","11,46,797",60.7 %,"3,18,399",27.80%
93,Bharuch,22,GEN,Gujarat,Mansukhbhai Dhanjibhai Vasava,Bharatiya Janta Party,"15,22,113","11,49,725",76.0 %,"3,34,214",29.10%
94,Bhavnagar,15,GEN,Gujarat,Dr.Bharatiben Dhirubhai Shiyal,Bharatiya Janta Party,"17,34,124","10,41,279",61.0 %,"3,29,519",31.60%
95,Bhilwara,23,GEN,Rajasthan,Subhash Chandra Baheria,Bharatiya Janta Party,"19,58,631","13,10,513",67.8 %,"6,12,000",46.70%
96,Bhind,2,SC,Madhya Pradesh [2000 Onwards],Sandhya Ray,Bharatiya Janta Party,"17,11,977","9,60,687",56.4 %,"1,99,885",20.80%
97,Bhiwandi,23,GEN,Maharashtra,Kapil Moreshwar Patil,Bharatiya Janta Party,"17,85,952","10,05,172",57.2 %,"1,56,329",15.60%
98,Bhiwani-Mahend,8,GEN,Haryana,Dharambir Singh S/o Bhale Ram,Bharatiya Janta Party,"15,66,494","11,61,115",74.3 %,"4,44,463",38.30%
99,Bhongir,14,GEN,Telangana,Komati Reddy Venkat Reddy,Indian National Congress,"15,44,683","12,12,631",79.3 %,"5,219",0.40%
100,Bhopal,19,GEN,Madhya Pradesh [2000 Onwards],Sadhvi Pragya Singh Thakur,Bharatiya Janta Party,"20,75,376","14,07,954",68.1 %,"3,64,822",25.90%
101,Bhubaneswar,18,GEN,Orissa,Aparajita Sarangi,Bharatiya Janta Party,"16,00,900","10,05,215",63.2 %,"23,839",2.40%
102,Bidar,7,GEN,Karnataka,Bhagwanth Khuba,Bharatiya Janta Party,"17,40,232","11,17,167",64.3 %,"1,16,834",10.50%
103,Bijapur,4,SC,Karnataka,Jigajinagi Ramesh Chandappa,Bharatiya Janta Party,"17,77,109","11,11,354",63.2 %,"2,58,038",23.20%
104,Bijnor,4,GEN,Uttar Pradesh [2000 Onwards],Malook Nagar,Bahujan Samaj Party,"16,19,514","11,00,763",68.2 %,"69,941",6.40%
105,Bikaner,2,SC,Rajasthan,Arjun Ram Meghwal,Bharatiya Janta Party,"17,93,022","10,99,598",62.1 %,"2,64,081",24.00%
106,Bilaspur,5,GEN,Chhattisgarh,Arun Sao,Bharatiya Janta Party,"18,11,606","12,09,434",67.0 %,"1,41,763",11.70%
107,Birbhum,42,GEN,West Bengal,Satabdi Roy,All India Trinamool Congress,"15,87,802","14,49,423",92.1 %,"88,924",6.10%
108,Bishnupur,37,SC,West Bengal,Khan Saumitra,Bharatiya Janta Party,"17,40,964","14,20,648",82.4 %,"78,047",5.50%
109,Bolangir,10,GEN,Orissa,Sangeeta Kumari Singh Deo,Bharatiya Janta Party,"16,77,774","13,06,705",78.8 %,"19,516",1.50%
110,Bolpur,41,SC,West Bengal,Asit Kumar Mal,All India Trinamool Congress,"18,64,137","14,61,269",79.1 %,"1,06,402",7.30%
111,Bulandshahr,14,SC,Uttar Pradesh [2000 Onwards],Bhola Singh,Bharatiya Janta Party,"17,59,305","11,23,629",64.2 %,"2,90,057",25.80%
112,Buldhana,5,GEN,Maharashtra,Jadhav Prataprao Ganpatrao,Shiv Sena,"19,77,994","11,20,359",57.0 %,"1,33,287",11.90%
113,Burdwan - Durg,39,GEN,West Bengal,S.S Ahluwalia,Bharatiya Janta Party,"19,05,750","14,33,007",76.2 %,"2,439",0.20%
114,Buxar,33,GEN,Bihar [2000 Onwards],Ashwini Kumar Choubey,Bharatiya Janta Party,"18,06,004","9,86,861",55.6 %,"1,17,609",11.90%
115,Chalakudy,11,GEN,Kerala,Benny Behanan,Indian National Congress,"11,63,476","9,90,224",85.8 %,"1,32,274",13.40%
116,Chamarajanagar,22,SC,Karnataka,V. Srinivas Prasad,Bharatiya Janta Party,"16,69,209","12,70,658",76.9 %,"1,817",0.10%
117,Chandauli,76,GEN,Uttar Pradesh [2000 Onwards],Dr. Mahendra Nath Pandey,Bharatiya Janta Party,"16,96,059","10,84,961",64.6 %,"13,959",1.30%
118,Chandigarh,1,GEN,Chandigarh,Kirron Kher,Bharatiya Janta Party,"6,15,214","4,56,568",74.9 %,"46,970",10.30%
119,Chandni Chowk,1,GEN,Delhi [1977 Onwards],"Patni, Nitai Chand",Bharatiya Janta Party,"14,47,228","9,80,390",68.1 %,"2,28,145",23.30%
120,Chandrapur,13,GEN,Maharashtra,Balubhau Alias Suresh Narayan Dhanorkar,Indian National Congress,"18,46,431","12,38,474",67.7 %,"44,763",3.60%
121,Chatra,4,GEN,Jharkhand,Sunil Kumar Singh,Bharatiya Janta Party,"13,75,612","9,25,937",67.9 %,"3,77,871",40.80%
122,Chelvella,10,GEN,Telangana,Dr. G. Ranjith Reddy,Telangana Rashtra Samithi,"23,02,163","13,00,194",56.9 %,"14,317",1.10%
123,Chennai Centra,4,GEN,Tamil Nadu,Dayanidhi Maran,Dravida Munetra Kazhagam,"13,16,388","7,85,450",60.7 %,"3,01,520",38.40%
124,Chennai North,2,GEN,Tamil Nadu,Dr. Kalanidhi Veeraswamy,Dravida Munetra Kazhagam,"14,44,753","9,55,545",67.2 %,"4,61,518",48.30%
125,Chennai South,3,GEN,Tamil Nadu,T.Sumathy (A) THAMIZHACHI THANGAPANDIAN,Dravida Munetra Kazhagam,"19,16,378","11,25,857",59.6 %,"2,62,223",23.30%
126,Chhindwara,16,GEN,Madhya Pradesh [2000 Onwards],Nakul Kamal Nath,Indian National Congress,"14,80,503","12,48,031",85.7 %,"37,536",3.00%
127,Chhota Udaipur,21,ST,Gujarat,Rathva Gitaben Vajesingbhai,Bharatiya Janta Party,"14,33,397","12,32,459",88.3 %,"3,77,943",30.70%
128,Chidambaram,27,SC,Tamil Nadu,Thirumaavalavan Thol,Viduthalai Chiruthaigal Katchi,"14,59,769","11,53,192",80.1 %,"3,219",0.30%
129,Chikkballapur,27,GEN,Karnataka,B.N.Bache Gowda,Bharatiya Janta Party,"18,04,143","13,86,963",77.3 %,"1,82,110",13.10%
130,Chikkodi,1,GEN,Karnataka,Annasaheb Shankar Jolle,Bharatiya Janta Party,"15,74,203","12,17,549",78.0 %,"1,18,877",9.80%
131,Chitradurga,18,SC,Karnataka,A Narayanaswamy,Bharatiya Janta Party,"17,36,643","12,45,950",72.0 %,"80,178",6.40%
132,Chittoor,25,,Andhra Pradesh [2014 Onwards],N. Reddeppa,Yuvajana Sramika Rythu Congress Party,"14,30,405","13,19,472",93.7 %,"1,37,271",10.40%
133,Chittorgarh,21,GEN,Rajasthan,Chandra Prakash Joshi,Bharatiya Janta Party,"19,82,095","14,58,760",74.5 %,"5,76,247",39.50%
134,Churu,3,GEN,Rajasthan,Rahul Kaswan,Bharatiya Janta Party,"19,62,475","13,28,422",68.2 %,"3,34,402",25.20%
135,Coimbatore,20,GEN,Tamil Nadu,Natarajan. P.R,Communist Party Of India (Marxist),"19,09,712","12,50,885",66.7 %,"1,79,143",14.30%
136,Cooch Behar,1,SC,West Bengal,Nisith Pramanik,Bharatiya Janta Party,"16,87,773","15,24,683",91.2 %,"54,231",3.60%
137,Cuddalore,26,GEN,Tamil Nadu,T. R. V .S. Ramesh,Dravida Munetra Kazhagam,"13,42,320","10,43,202",78.4 %,"1,43,983",13.80%
138,Cuttack,14,GEN,Orissa,Bhartruhari Mahtab,Biju Janata Dal,"14,60,895","10,59,490",73.0 %,"1,21,201",11.40%
139,Dadra And Nagar Haveli,1,GEN,Dadra & Nagar Haveli,Delkar Mohanbhai Sanjibhai,Independent,"1,96,617","1,98,983",102.7 %,"9,001",4.50%
140,Dahod,19,ST,Gujarat,Jashvantsinh Sumanbhai Bhabhor,Bharatiya Janta Party,"15,42,941","10,63,212",71.0 %,"1,27,596",12.00%
141,Dakshina Kanna,17,GEN,Karnataka,Nalin Kumar Kateel,Bharatiya Janta Party,"16,98,859","13,45,039",79.6 %,"2,74,621",20.40%
142,Daman And Diu,1,GEN,Daman & Diu,Lalubhai Babubhai Patel,Bharatiya Janta Party,"1,11,827","87,469",79.6 %,"9,942",11.40%
143,Damoh,7,GEN,Madhya Pradesh [2000 Onwards],Prahalad Singh Patel,Bharatiya Janta Party,"17,37,702","11,64,226",67.4 %,"3,53,411",30.40%
144,Darbhanga,14,GEN,Bihar [2000 Onwards],Gopal Jee Thakur,Bharatiya Janta Party,"16,44,671","9,64,996",59.9 %,"2,67,979",27.80%
145,Darjeeling,4,GEN,West Bengal,Raju Bista,Bharatiya Janta Party,"15,19,531","12,67,270",84.1 %,"4,13,443",32.60%
146,Dausa,11,ST,Rajasthan,Jaskaur Meena,Bharatiya Janta Party,"16,92,217","10,62,834",63.2 %,"78,444",7.40%
147,Davanagere,13,GEN,Karnataka,G M Siddeshwar,Bharatiya Janta Party,"16,13,781","11,94,586",74.2 %,"1,69,702",14.20%
148,Deoria,66,GEN,Uttar Pradesh [2000 Onwards],Ramapati Ram Tripathi,Bharatiya Janta Party,"17,51,752","10,15,363",58.7 %,"2,49,931",24.60%
149,Dewas,21,SC,Madhya Pradesh [2000 Onwards],Mahendra Singh Solanky,Bharatiya Janta Party,"17,18,488","13,98,946",81.9 %,"3,72,249",26.60%
150,Dhanbad,7,GEN,Jharkhand,Pashupati Nath Singh,Bharatiya Janta Party,"20,50,314","12,52,817",61.3 %,"4,86,194",38.80%
151,Dhar,25,ST,Madhya Pradesh [2000 Onwards],Chattarsingh Darbar,Bharatiya Janta Party,"17,52,846","13,44,132",77.7 %,"1,56,029",11.60%
152,Dharmapuri,10,GEN,Tamil Nadu,Dnv Senthilkumar. S.,Dravida Munetra Kazhagam,"14,53,257","12,23,205",85.1 %,"70,753",5.80%
153,Dharwad,11,GEN,Karnataka,Pralhad Joshi,Bharatiya Janta Party,"16,87,290","12,13,505",72.1 %,"2,05,072",16.90%
154,Dhaurahra,29,GEN,Uttar Pradesh [2000 Onwards],Rekha Verma,Bharatiya Janta Party,"16,04,211","10,63,840",67.0 %,"1,60,611",15.10%
155,Dhenkanal,9,GEN,Orissa,Mahesh Sahoo,Biju Janata Dal,"14,61,182","11,31,522",78.2 %,"35,412",3.10%
156,Dhubri,4,GEN,Assam,Badruddin Ajmal,All India United Democratic Front,"17,99,561","16,85,005",94.1 %,"2,26,258",13.40%
157,Dhule,2,GEN,Maharashtra,Bhamre Subhash Ramrao,Bharatiya Janta Party,"17,87,801","10,85,038",60.8 %,"2,29,243",21.10%
158,Diamond Harbou,21,GEN,West Bengal,Abhishek Banerjee,All India Trinamool Congress,"18,73,955","14,09,002",76.1 %,"3,20,594",22.80%
159,Dibrugarh,13,GEN,Assam,Rameswar Teli,Bharatiya Janta Party,"12,65,748","10,15,748",81.9 %,"3,64,566",35.90%
160,Dindigul,22,GEN,Tamil Nadu,"Velusamy, P.",Dravida Munetra Kazhagam,"15,18,633","11,60,046",77.3 %,"5,38,972",46.50%
161,Dindori,20,ST,Maharashtra,Dr. Bharati Pravin Pawar,Bharatiya Janta Party,"16,51,955","11,37,631",69.4 %,"1,98,779",17.50%
162,Domariyaganj,60,GEN,Uttar Pradesh [2000 Onwards],Jagdambika Pal,Bharatiya Janta Party,"18,94,047","9,85,269",52.6 %,"1,05,321",10.70%
163,Dum Dum,16,GEN,West Bengal,Sougata Ray,All India Trinamool Congress,"16,99,710","12,04,660",71.7 %,"53,002",4.40%
164,Dumka,2,ST,Jharkhand,Sunil Soren,Bharatiya Janta Party,"13,49,843","10,25,968",77.1 %,"47,590",4.60%
165,Durg,7,GEN,Chhattisgarh,Vijay Baghel,Bharatiya Janta Party,"18,78,677","13,91,996",74.3 %,"3,91,978",28.20%
166,East Delhi,3,GEN,Delhi [1977 Onwards],Jadunandan Prasad,Bharatiya Janta Party,"18,29,578","12,57,821",69.0 %,"3,91,222",31.10%
167,Eluru,10,,Andhra Pradesh [2014 Onwards],Kotagiri Sridhar,Yuvajana Sramika Rythu Congress Party,"14,18,277","13,27,923",95.3 %,"1,65,925",12.50%
168,Ernakulam,12,GEN,Kerala,Hibi Eden,Indian National Congress,"11,90,575","9,67,203",81.7 %,"1,69,153",17.50%
169,Erode,17,GEN,Tamil Nadu,Ganeshamurthi A,Dravida Munetra Kazhagam,"14,27,534","10,67,863",75.8 %,"2,10,618",19.70%
170,Etah,22,GEN,Uttar Pradesh [2000 Onwards],Rajveer Singh (Raju Bhaiya),Bharatiya Janta Party,"15,87,949","9,99,607",63.3 %,"1,22,670",12.30%
171,Etawah,41,SC,Uttar Pradesh [2000 Onwards],Dr Ram Shankar Katheria,Bharatiya Janta Party,"17,14,935","10,27,815",60.3 %,"64,437",6.30%
172,Faizabad,54,GEN,Uttar Pradesh [2000 Onwards],Lallu Singh,Bharatiya Janta Party,"17,83,699","10,87,121",61.5 %,"65,477",6.00%
173,Faridabad,10,GEN,Haryana,Krishan Pal,Bharatiya Janta Party,"19,26,323","13,27,295",69.2 %,"6,38,239",48.10%
174,Faridkot,9,SC,Punjab,Mohammad Sadique,Indian National Congress,"15,15,062","9,74,947",65.6 %,"83,256",8.50%
175,Farrukhabad,40,GEN,Uttar Pradesh [2000 Onwards],Mukesh Rajput,Bharatiya Janta Party,"16,61,488","10,02,953",60.8 %,"2,21,702",22.10%
176,Fatehgarh Sahi,8,SC,Punjab,Amar Singh,Indian National Congress,"14,70,008","9,85,948",68.0 %,"93,898",9.50%
177,Fatehpur,49,GEN,Uttar Pradesh [2000 Onwards],Niranjan Jyoti,Bharatiya Janta Party,"17,83,535","10,43,655",59.3 %,"1,98,205",19.00%
178,Fatehpur Sikri,19,GEN,Uttar Pradesh [2000 Onwards],Rajkumar Chahar,Bharatiya Janta Party,"16,60,405","10,37,151",63.1 %,"4,95,065",47.70%
179,Ferozpur,10,GEN,Punjab,Sukhbir Singh Badal,Shiromani Akali Dal,"15,87,296","11,72,033",74.8 %,"1,98,850",17.00%
180,Firozabad,20,GEN,Uttar Pradesh [2000 Onwards],Dr. Chandra Sen Jadon,Bharatiya Janta Party,"16,98,385","10,75,866",63.7 %,"28,781",2.70%
181,Gadchiroli-Chi,12,ST,Maharashtra,Ashok Mahadeorao Nete,Bharatiya Janta Party,"15,22,662","11,42,698",76.7 %,"77,526",6.80%
182,Gandhinagar,6,GEN,Gujarat,Amit Shah,Bharatiya Janta Party,"18,74,564","12,84,090",69.3 %,"5,57,014",43.40%
183,Ganganagar,1,SC,Rajasthan,Nihal Chand,Bharatiya Janta Party,"19,01,409","14,51,765",77.2 %,"4,06,978",28.00%
184,Garhwal,2,GEN,Uttarakhand,Tirath Singh Rawat,Bharatiya Janta Party,"12,95,238","7,42,784",58.3 %,"3,02,669",40.70%
185,Gauhati,7,GEN,Assam,Queen Oja,Bharatiya Janta Party,"19,30,145","17,63,757",91.9 %,"3,45,606",19.60%
186,Gautam Buddh N,13,GEN,Uttar Pradesh [2000 Onwards],Dr. Mahesh Sharma,Bharatiya Janta Party,"21,07,718","13,92,952",66.5 %,"3,36,922",24.20%
187,Gaya,38,SC,Bihar [2000 Onwards],Vijay Kumar,Janata Dal (United),"16,98,772","9,57,248",58.1 %,"1,52,426",15.90%
188,Ghatal,32,GEN,West Bengal,Adhikari Deepak (DEV),All India Trinamool Congress,"19,31,027","14,88,818",77.8 %,"1,07,973",7.30%
189,Ghaziabad,12,GEN,Uttar Pradesh [2000 Onwards],Vijay Kumar Singh,Bharatiya Janta Party,"25,73,715","15,24,456",59.5 %,"5,01,500",32.90%
190,Ghazipur,75,GEN,Uttar Pradesh [2000 Onwards],Afzal Ansari,Bahujan Samaj Party,"18,32,844","11,05,627",60.7 %,"1,19,392",10.80%
191,Ghosi,70,GEN,Uttar Pradesh [2000 Onwards],Atul Kumar Singh,Bahujan Samaj Party,"19,45,291","11,40,781",58.9 %,"1,22,568",10.70%
192,Giridih,6,GEN,Jharkhand,Chandra Prakash Choudhary,All Jharkhand Students Union,"16,25,806","11,06,918",69.3 %,"2,48,347",22.40%
193,Godda,3,GEN,Jharkhand,Nishikant Dubey,Bharatiya Janta Party,"16,83,948","11,94,036",72.0 %,"1,84,227",15.40%
194,Gonda,59,GEN,Uttar Pradesh [2000 Onwards],Kirti Vardhan Singh Alias Raja Bhaiya,Bharatiya Janta Party,"17,44,625","9,23,816",53.4 %,"1,66,360",18.00%
195,Gopalganj,17,SC,Bihar [2000 Onwards],Dr. Alok Kumar Suman,Janata Dal (United),"18,32,200","10,24,876",58.8 %,"2,86,434",27.90%
196,Gorakhpur,64,GEN,Uttar Pradesh [2000 Onwards],Ravindra Shyamnarayan Shukla Alias Ravi Kishan,Bharatiya Janta Party,"19,60,935","11,84,635",60.8 %,"3,01,664",25.50%
197,Gulbarga,5,SC,Karnataka,Dr. Umesh G Jadhav,Bharatiya Janta Party,"19,20,070","11,89,361",62.5 %,"95,452",8.00%
198,Guna,4,GEN,Madhya Pradesh [2000 Onwards],"Krishna Pal Singh ""dr. K. P. Yadav""",Bharatiya Janta Party,"16,31,451","11,78,423",73.0 %,"1,25,549",10.70%
199,Guntur,13,,Andhra Pradesh [2014 Onwards],Jayadev Galla,Telugu Desam,"14,86,993","13,51,474",91.3 %,"4,205",0.30%
200,Gurdaspur,1,GEN,Punjab,Sunny Deol,Bharatiya Janta Party,"15,35,937","11,03,887",72.5 %,"82,459",7.50%
201,Gurgaon,9,GEN,Haryana,Rao Inderjit Singh,Bharatiya Janta Party,"19,90,711","14,46,509",72.9 %,"3,86,256",26.70%
202,Gwalior,3,GEN,Madhya Pradesh [2000 Onwards],Vivek Narayan Shejwalkar,Bharatiya Janta Party,"19,38,511","11,96,096",62.0 %,"1,46,842",12.30%
203,Hajipur,21,SC,Bihar [2000 Onwards],Pashu Pati Kumar Paras,Lok Jan Shakti Party,"18,10,137","10,06,817",57.0 %,"2,05,449",20.40%
204,Hamirpur,3,GEN,Himachal Pradesh,Anurag Singh Thakur,Bharatiya Janta Party,"12,47,699","9,88,765",79.9 %,"3,99,572",40.40%
205,Hamirpur,47,GEN,Uttar Pradesh [2000 Onwards],Kunwar Pushpendra Singh Chandel,Bharatiya Janta Party,"17,15,940","10,89,778",64.4 %,"2,48,652",22.80%
206,Hardoi,31,SC,Uttar Pradesh [2000 Onwards],Jai Prakash,Bharatiya Janta Party,"17,75,274","10,57,558",60.2 %,"1,32,474",12.50%
207,Hardwar,5,GEN,Uttarakhand,Ramesh Pokhriyal 'nishank',Bharatiya Janta Party,"17,85,889","12,71,030",71.5 %,"2,58,729",20.40%
208,Hassan,16,GEN,Karnataka,Prajwal Revanna,Janata Dal (Secular),"16,30,952","12,77,552",79.1 %,"1,41,324",11.10%
209,Hathras,16,SC,Uttar Pradesh [2000 Onwards],Rajvir Diler,Bharatiya Janta Party,"17,99,499","11,50,294",64.4 %,"2,60,208",22.60%
210,Hatkanangle,48,GEN,Maharashtra,Dhairyasheel Sambhajirao Mane,Shiv Sena,"16,93,449","12,52,211",74.4 %,"96,039",7.70%
211,Haveri,10,GEN,Karnataka,Udasi. S.C.,Bharatiya Janta Party,"16,80,025","12,66,679",75.8 %,"1,40,882",11.10%
212,Hazaribagh,14,GEN,Jharkhand,Jayant Sinha,Bharatiya Janta Party,"15,18,831","10,80,929",71.7 %,"4,79,548",44.40%
213,Hindupur,20,,Andhra Pradesh [2014 Onwards],Kuruva Gorantla Madhav,Yuvajana Sramika Rythu Congress Party,"14,34,282","13,38,514",94.5 %,"1,40,748",10.50%
214,Hingoli,15,GEN,Maharashtra,Hemant Patil,Shiv Sena,"16,59,433","11,57,516",70.0 %,"2,77,856",24.00%
215,Hisar,4,GEN,Haryana,Brijendra Singh,Bharatiya Janta Party,"15,58,281","11,79,869",75.9 %,"3,14,068",26.60%
216,Hooghly,28,GEN,West Bengal,Locket Chatterjee,Bharatiya Janta Party,"13,73,449","14,57,842",107.1 %,"73,362",5.00%
217,Hoshangabad,17,GEN,Madhya Pradesh [2000 Onwards],Uday Pratap Singh,Bharatiya Janta Party,"16,50,087","12,65,869",77.8 %,"5,53,682",43.70%
218,Hoshiarpur,5,SC,Punjab,Som Parkash,Bharatiya Janta Party,"15,48,898","9,90,791",64.8 %,"48,530",4.90%
219,Howrah,25,GEN,West Bengal,Prasun Banerjee,All India Trinamool Congress,"17,96,175","12,22,293",68.4 %,"1,03,695",8.50%
220,Hyderabad,9,GEN,Telangana,Asaduddin Owaisi,All India Majlis-E-Ittehadul Muslimeen,"19,27,685","8,77,872",45.8 %,"2,82,186",32.10%
221,Idukki,13,GEN,Kerala,Adv. Dean Kuriakose,Indian National Congress,"11,60,824","9,19,297",79.7 %,"1,71,053",18.60%
222,Indore,26,GEN,Madhya Pradesh [2000 Onwards],Shankar Lalwani,Bharatiya Janta Party,"22,35,342","16,29,108",73.1 %,"5,47,754",33.60%
223,Inner Manipur,1,GEN,Manipur,Dr Rajkumar Ranjan Singh,Bharatiya Janta Party,"8,55,359","7,59,301",89.1 %,"17,755",2.30%
224,Jabalpur,13,GEN,Madhya Pradesh [2000 Onwards],Rakesh Singh,Bharatiya Janta Party,"17,67,369","12,63,573",71.7 %,"4,54,744",36.00%
225,Jadavpur,22,GEN,West Bengal,Mimi Chakraborty,All India Trinamool Congress,"19,90,328","14,36,894",73.0 %,"2,95,239",20.50%
226,Jagatsinghpur,16,SC,Orissa,Rajashree Mallick,Biju Janata Dal,"15,84,635","12,29,190",78.0 %,"2,71,655",22.10%
227,Jahanabad,36,GEN,Bihar [2000 Onwards],Chandeshwar Prasad,Janata Dal (United),"15,73,907","8,22,065",54.0 %,"1,751",0.20%
228,Jaipur,7,GEN,Rajasthan,Ramcharan Bohra,Bharatiya Janta Party,"20,43,881","14,56,404",71.6 %,"4,30,626",29.60%
229,Jaipur Rural,6,GEN,Rajasthan,Col. Rajyavardhan Rathore,Bharatiya Janta Party,"18,97,332","12,76,693",67.8 %,"3,93,171",30.80%
230,Jajpur,8,SC,Orissa,Sarmistha Sethi,Biju Janata Dal,"14,13,322","10,92,084",77.8 %,"1,01,693",9.30%
231,Jalandhar,4,SC,Punjab,Santokh Singh Chaudhary,Indian National Congress,"15,74,968","10,18,998",65.5 %,"19,491",1.90%
232,Jalaun,45,SC,Uttar Pradesh [2000 Onwards],Bhanu Pratap Singh Verma,Bharatiya Janta Party,"14,70,521","11,29,955",77.7 %,"1,58,377",14.00%
233,Jalgaon,3,GEN,Maharashtra,Unmesh Bhaiyyasaheb Patil,Bharatiya Janta Party,"18,45,368","10,88,277",59.5 %,"4,11,617",37.80%
234,Jalna,18,GEN,Maharashtra,Danve Raosaheb Dadarao,Bharatiya Janta Party,"17,65,712","12,08,139",69.3 %,"3,32,815",27.50%
235,Jalore,18,GEN,Rajasthan,Devaji Patel,Bharatiya Janta Party,"16,00,603","13,61,619",86.2 %,"2,61,110",19.20%
236,Jalpaiguri,3,SC,West Bengal,Dr. Jayanta Kumar Roy,Bharatiya Janta Party,"16,18,231","15,00,922",94.0 %,"1,84,004",12.30%
237,Jammu,6,,Jammu & Kashmir,Jugal Kishore,Bharatiya Janta Party,"18,48,155","14,78,795",80.2 %,"3,02,875",20.50%
238,Jamnagar,12,GEN,Gujarat,Poonamben Hematbhai Maadam,Bharatiya Janta Party,"16,15,693","10,10,965",63.1 %,"2,36,804",23.40%
239,Jamshedpur,9,GEN,Jharkhand,Bidyut Baran Mahato,Bharatiya Janta Party,"16,58,549","11,44,226",69.3 %,"3,02,090",26.40%
240,Jamui,40,SC,Bihar [2000 Onwards],Chirag Kumar Paswan,Lok Jan Shakti Party,"17,09,356","9,49,137",57.8 %,"2,41,049",25.40%
241,Jangipur,9,GEN,West Bengal,Khalilur Rahaman,All India Trinamool Congress,"17,13,293","13,04,504",76.8 %,"2,45,782",18.80%
242,Janjgir-Champa,3,SC,Chhattisgarh,Guharam Ajgalley,Bharatiya Janta Party,"18,50,601","12,47,650",68.0 %,"83,255",6.70%
243,Jaunpur,73,GEN,Uttar Pradesh [2000 Onwards],Shyam Singh Yadav,Bahujan Samaj Party,"17,59,456","10,40,652",59.3 %,"80,936",7.80%
244,Jhalawar-Baran,25,GEN,Rajasthan,Dushyant Singh,Bharatiya Janta Party,"18,63,755","13,69,868",74.4 %,"4,53,928",33.10%
245,Jhanjharpur,7,GEN,Bihar [2000 Onwards],Ramprit Mandal,Janata Dal (United),"18,35,089","10,60,562",58.3 %,"3,22,951",30.50%
246,Jhansi,46,GEN,Uttar Pradesh [2000 Onwards],Anurag Sharma,Bharatiya Janta Party,"23,85,972","13,80,890",58.6 %,"3,65,683",26.50%
247,Jhargram,33,ST,West Bengal,Kunar Hembram,Bharatiya Janta Party,"15,22,363","14,06,214",93.5 %,"11,767",0.80%
248,Jhunjhunu,4,GEN,Rajasthan,Narendra Kumar,Bharatiya Janta Party,"18,69,883","11,98,927",64.6 %,"3,02,547",25.20%
249,Jodhpur,16,GEN,Rajasthan,Gajendra Singh Shekhawat,Bharatiya Janta Party,"18,88,942","13,46,243",71.9 %,"2,74,440",20.40%
250,Jorhat,12,GEN,Assam,Topon Kumar Gogoi,Bharatiya Janta Party,"13,19,952","10,57,965",81.1 %,"82,653",7.80%
251,Joynagar,19,SC,West Bengal,Pratima Mondal,All India Trinamool Congress,"18,05,964","13,56,102",75.7 %,"3,16,775",23.40%
252,Junagadh,13,GEN,Gujarat,Chudasama Rajeshbhai Naranbhai,Bharatiya Janta Party,"15,76,209","10,05,224",64.8 %,"1,50,185",14.90%
253,Kachchh,1,SC,Gujarat,Chavda Vinod Lakhamshi,Bharatiya Janta Party,"19,49,895","10,23,198",53.4 %,"3,05,513",29.90%
254,Kadapa,21,,Andhra Pradesh [2014 Onwards],Y.S.Avinash Reddy,Yuvajana Sramika Rythu Congress Party,"13,25,963","12,28,242",93.7 %,"3,80,726",31.00%
255,Kairana,2,GEN,Uttar Pradesh [2000 Onwards],Pradeep Kumar,Bharatiya Janta Party,"15,99,120","11,24,047",70.5 %,"92,160",8.20%
256,Kaiserganj,57,GEN,Uttar Pradesh [2000 Onwards],Brijbhusan Sharan Singh,Bharatiya Janta Party,"17,79,143","9,81,400",55.9 %,"2,61,601",26.70%
257,Kakinada,6,,Andhra Pradesh [2014 Onwards],Vanga Geethaviswanath,Yuvajana Sramika Rythu Congress Party,"14,12,538","12,34,655",88.6 %,"25,738",2.10%
258,Kalahandi,11,GEN,Orissa,Basanta Kumar Panda,Bharatiya Janta Party,"15,63,160","12,28,292",79.9 %,"26,814",2.20%
259,Kaliabor,11,GEN,Assam,Gaurav Gogoi,Indian National Congress,"16,63,513","14,24,687",86.6 %,"2,09,994",14.70%
260,Kallakurichi,14,GEN,Tamil Nadu,Gautham Sigamani Pon,Dravida Munetra Kazhagam,"14,90,339","12,04,375",81.6 %,"3,99,919",33.20%
261,Kalyan,24,GEN,Maharashtra,Dr. Shrikant Eknath Shinde,Shiv Sena,"18,61,577","8,90,313",48.5 %,"3,44,343",38.70%
262,Kancheepuram,6,SC,Tamil Nadu,Selvam.G,Dravida Munetra Kazhagam,"16,01,060","12,37,612",78.7 %,"2,86,632",23.20%
263,Kandhamal,13,GEN,Orissa,Achyutananda Samanta,Biju Janata Dal,"12,35,291","9,41,985",77.3 %,"1,49,216",15.80%
264,Kangra,1,GEN,Himachal Pradesh,Kishan Kapoor,Bharatiya Janta Party,"12,58,601","10,06,989",80.9 %,"4,77,623",47.40%
265,Kanker,11,ST,Chhattisgarh,Mohan Mandavi,Bharatiya Janta Party,"15,31,469","11,59,193",77.4 %,"6,914",0.60%
266,Kannauj,42,GEN,Uttar Pradesh [2000 Onwards],Subrat Pathak,Bharatiya Janta Party,"18,27,515","11,40,496",62.9 %,"12,353",1.10%
267,Kanniyakumari,39,GEN,Tamil Nadu,Vasanthakumar. H,Indian National Congress,"14,77,243","10,48,377",71.4 %,"2,59,933",24.80%
268,Kannur,2,GEN,Kerala,K. Sudhakaran,Indian National Congress,"12,01,236","10,53,842",88.1 %,"94,559",9.00%
269,Kanpur,43,GEN,Uttar Pradesh [2000 Onwards],Satyadev Pachauri,Bharatiya Janta Party,"19,36,426","8,42,994",43.7 %,"1,55,934",18.50%
270,Kanthi,31,GEN,West Bengal,Adhikari Sisir,All India Trinamool Congress,"17,93,513","14,24,247",79.9 %,"1,11,668",7.80%
271,Karakat,35,GEN,Bihar [2000 Onwards],Mahabali Singh,Janata Dal (United),"17,59,358","8,68,798",50.6 %,"84,542",9.70%
272,Karauli-Dholpu,10,SC,Rajasthan,Manoj Rajoria,Bharatiya Janta Party,"17,82,015","9,98,044",56.4 %,"97,682",9.80%
273,Karimnagar,3,GEN,Telangana,Bandi Sanjay Kumar,Bharatiya Janta Party,"15,44,460","11,47,697",74.8 %,"89,508",7.80%
274,Karnal,5,GEN,Haryana,Sanjay Bhatia,Bharatiya Janta Party,"18,21,231","13,00,722",71.7 %,"6,56,142",50.40%
275,Karur,23,GEN,Tamil Nadu,Jothimani S,Indian National Congress,"13,65,804","11,03,165",81.5 %,"4,20,546",38.10%
276,Kasaragod,1,GEN,Kerala,Rajmohan Unnithan,Indian National Congress,"13,05,827","11,00,051",84.6 %,"40,438",3.70%
277,Katihar,11,GEN,Bihar [2000 Onwards],Dulal Chandra Goswami,Janata Dal (United),"16,45,713","11,17,734",69.2 %,"57,203",5.10%
278,Kaushambi,50,SC,Uttar Pradesh [2000 Onwards],Vinod Kumar Sonkar,Bharatiya Janta Party,"17,43,036","9,74,438",56.8 %,"38,722",4.00%
279,Kendrapara,15,GEN,Orissa,Anubhav Mohanty,Biju Janata Dal,"16,58,168","12,36,466",75.0 %,"1,52,584",12.30%
280,Keonjhar,4,ST,Orissa,Chandrani Murmu,Biju Janata Dal,"14,49,996","11,76,292",82.5 %,"66,203",5.60%
281,Khadoor Sahib,3,GEN,Punjab,Jasbir Singh Gill (DIMPA),Indian National Congress,"15,99,081","10,46,032",65.7 %,"1,40,573",13.40%
282,Khagaria,25,GEN,Bihar [2000 Onwards],Choudhary Mehboob Ali Kaiser,Lok Jan Shakti Party,"16,53,928","9,66,813",58.9 %,"2,48,570",25.70%
283,Khajuraho,8,GEN,Madhya Pradesh [2000 Onwards],V.D. Sharma (VISHNU DATT SHARMA),Bharatiya Janta Party,"18,01,044","12,57,783",70.4 %,"4,92,382",39.10%
284,Khammam,17,GEN,Telangana,Nama Nageswr Rao,Telangana Rashtra Samithi,"14,41,181","11,39,831",80.2 %,"1,68,062",14.70%
285,Khandwa,28,GEN,Madhya Pradesh [2000 Onwards],Nandkumar Singh Chouhan (NANDU BHAIYA),Bharatiya Janta Party,"18,49,606","14,68,138",80.2 %,"2,73,343",18.60%
286,Khargone,27,ST,Madhya Pradesh [2000 Onwards],Gajendra Umrao Singh Patel,Bharatiya Janta Party,"17,83,776","14,27,607",81.1 %,"2,02,510",14.20%
287,Kheda,17,GEN,Gujarat,Chauhan Devusinh,Bharatiya Janta Party,"16,97,520","10,98,633",65.8 %,"3,67,145",33.40%
288,Kheri,28,GEN,Uttar Pradesh [2000 Onwards],Ajay Kumar,Bharatiya Janta Party,"17,29,085","11,36,660",66.2 %,"2,18,807",19.20%
289,Khunti,11,ST,Jharkhand,Arjun Munda,Bharatiya Janta Party,"11,65,658","8,32,377",73.2 %,"1,445",0.20%
290,Kishanganj,10,GEN,Bihar [2000 Onwards],Dr. Mohammad Jawed,Indian National Congress,"16,52,940","11,01,603",67.8 %,"34,466",3.10%
291,Kodarma,5,GEN,Jharkhand,Annpurna Devi,Bharatiya Janta Party,"17,65,156","12,09,541",70.3 %,"4,55,600",37.70%
292,Kokrajhar,5,ST,Assam,Naba Kumar Sarania,Independent,"15,10,051","14,79,485",99.0 %,"37,786",2.60%
293,Kolar,28,SC,Karnataka,S. Muniswamy,Bharatiya Janta Party,"16,08,229","12,58,551",79.1 %,"2,10,021",16.70%
294,Kolhapur,47,GEN,Maharashtra,Sanjay Sadashivrao Mandlik,Shiv Sena,"18,05,949","13,30,852",74.2 %,"2,70,568",20.30%
295,Kolkata Dakshi,23,GEN,West Bengal,Mala Roy,All India Trinamool Congress,"19,04,710","12,06,645",64.1 %,"1,55,192",12.90%
296,Kolkata Uttar,24,GEN,West Bengal,Bandyopadhyay Sudip,All India Trinamool Congress,"16,18,835","9,50,613",59.1 %,"1,27,095",13.40%
297,Kollam,18,GEN,Kerala,N.K.Premachandran,Revolutionary Socialist Party,"12,42,521","9,68,123",78.4 %,"1,48,856",15.40%
298,Koppal,8,GEN,Karnataka,Karadi Sanganna Amarappa,Bharatiya Janta Party,"17,06,900","11,90,347",70.4 %,"38,397",3.20%
299,Koraput,21,ST,Orissa,Saptagiri Sankar Ulaka,Indian National Congress,"13,85,228","10,80,161",80.6 %,"3,613",0.30%
300,Korba,4,GEN,Chhattisgarh,Jyotsna Charandas Mahant,Indian National Congress,"13,40,544","11,37,003",86.3 %,"26,349",2.30%
301,Kota,24,GEN,Rajasthan,Om Birla,Bharatiya Janta Party,"19,00,514","13,67,034",72.6 %,"2,79,677",20.50%
302,Kottayam,14,GEN,Kerala,Thomas Chazhikadan,Kerala Congress(M),"11,68,104","9,10,339",78.6 %,"1,06,259",11.70%
303,Kozhikode,5,GEN,Kerala,M.K.Raghavan,Indian National Congress,"12,45,068","10,76,193",86.7 %,"85,225",7.90%
304,Krishnagiri,9,GEN,Tamil Nadu,Dr.A.Chellakumar,Indian National Congress,"14,82,269","11,61,369",79.7 %,"1,56,765",13.50%
305,Krishnanagar,12,GEN,West Bengal,Mahua Moitra,All India Trinamool Congress,"17,74,833","13,66,443",77.4 %,"63,218",4.60%
306,Kurnool,18,,Andhra Pradesh [2014 Onwards],Ayushman Doctor Sanjeev Kumar,Yuvajana Sramika Rythu Congress Party,"13,54,509","11,83,035",87.9 %,"1,48,903",12.60%
307,Kurukshetra,2,GEN,Haryana,Nayab Singh,Bharatiya Janta Party,"15,79,115","12,30,202",78.1 %,"3,84,591",31.30%
308,Kushi Nagar,65,GEN,Uttar Pradesh [2000 Onwards],Vijay Kumar Dubey,Bharatiya Janta Party,"17,34,356","10,53,117",61.2 %,"3,37,560",32.10%
309,Ladakh,4,,Jammu & Kashmir,Jamyang Tsering Namgyal,Bharatiya Janta Party,"1,66,763","1,26,426",76.4 %,"10,930",8.60%
310,Lakhimpur,14,GEN,Assam,Pradan Baruah,Bharatiya Janta Party,"16,21,466","12,83,589",80.1 %,"3,50,551",27.30%
311,Lakshadweep,1,,Lakshadweep,Mohammed Faizal Pp,Nationalist Congress Party,"49,922","47,009",94.4 %,823,1.80%
312,Lalganj,68,SC,Uttar Pradesh [2000 Onwards],Sangeeta Azad,Bahujan Samaj Party,"17,33,044","9,60,568",55.7 %,"1,61,597",16.80%
313,Latur,41,SC,Maharashtra,Sudhakar Tukaram Shrangare,Bharatiya Janta Party,"18,02,702","11,76,542",65.6 %,"2,89,111",24.60%
314,Lohardaga,12,ST,Jharkhand,Sudarshan Bhagat,Bharatiya Janta Party,"11,87,646","8,17,550",69.8 %,"10,363",1.30%
315,Lucknow,35,GEN,Uttar Pradesh [2000 Onwards],Rajnath Singh,Bharatiya Janta Party,"19,39,448","11,16,445",58.0 %,"3,47,302",31.10%
316,Ludhiana,7,GEN,Punjab,Ravneet Singh Bittu,Indian National Congress,"16,41,976","10,46,955",64.4 %,"76,372",7.30%
317,Machhlishahr,74,SC,Uttar Pradesh [2000 Onwards],Bholanath (B.P. Saroj),Bharatiya Janta Party,"17,77,073","10,34,925",58.9 %,181,0.00%
318,Machilipatnam,11,,Andhra Pradesh [2014 Onwards],Balashowry Vallabhaneni,Yuvajana Sramika Rythu Congress Party,"12,96,361","12,44,570",97.1 %,"60,238",4.80%
319,Madha,43,GEN,Maharashtra,Ranjeetsinha Hindurao Naik- Nimbalkar,Bharatiya Janta Party,"18,25,200","12,16,319",66.8 %,"85,764",7.10%
320,Madhepura,13,GEN,Bihar [2000 Onwards],Dinesh Chandra Yadav,Janata Dal (United),"18,74,003","11,47,274",63.3 %,"3,01,527",26.30%
321,Madhubani,6,GEN,Bihar [2000 Onwards],Ashok Kumar Yadav,Bharatiya Janta Party,"17,80,846","9,63,708",54.4 %,"4,54,940",47.20%
322,Madurai,32,GEN,Tamil Nadu,Venkatesan S,Communist Party Of India (Marxist),"15,21,452","10,16,026",67.8 %,"1,39,395",13.70%
323,Mahabubabad,16,ST,Telangana,Kavitha Malothu,Telangana Rashtra Samithi,"13,36,286","9,83,535",74.7 %,"1,46,663",14.90%
324,Maharajganj,63,GEN,Uttar Pradesh [2000 Onwards],Pankaj Choudhary,Bharatiya Janta Party,"18,66,715","12,26,916",66.3 %,"3,40,424",27.70%
325,Maharajganj,19,GEN,Bihar [2000 Onwards],"Janardan Singh 'sigriwal""",Bharatiya Janta Party,"17,93,406","9,72,703",55.5 %,"2,30,772",23.70%
326,Mahasamund,9,GEN,Chhattisgarh,Chunni Lal Sahu,Bharatiya Janta Party,"16,13,418","12,22,335",77.1 %,"90,511",7.40%
327,Mahbubnagar,11,GEN,Telangana,Manne Srinivas Reddy,Telangana Rashtra Samithi,"14,17,629","9,84,634",70.2 %,"77,829",7.90%
328,Mahesana,4,GEN,Gujarat,Shardaben Anilbhai Patel,Bharatiya Janta Party,"16,07,923","10,81,938",68.0 %,"2,81,519",26.00%
329,Mainpuri,21,GEN,Uttar Pradesh [2000 Onwards],Mulayam Singh Yadav,Samajwadi Party,"16,81,508","9,76,518",58.5 %,"94,389",9.70%
330,Malappuram,6,GEN,Kerala,P.K. Kunhalikutty,Indian Union Muslim League,"13,06,617","10,34,618",79.5 %,"2,60,153",25.10%
331,Maldaha Dakshi,8,GEN,West Bengal,Abu Hasem Khan Chowdhury (DALU),Indian National Congress,"14,61,017","12,79,202",88.4 %,"8,222",0.60%
332,Maldaha Uttar,7,GEN,West Bengal,Khagen Murmu,Bharatiya Janta Party,"15,69,035","13,54,706",86.9 %,"84,288",6.20%
333,Malkajgiri,7,GEN,Telangana,Anumula Revanth Reddy,Indian National Congress,"29,58,564","15,63,063",53.4 %,"10,919",0.70%
334,Mandi,2,GEN,Himachal Pradesh,Ram Swaroop Sharma,Bharatiya Janta Party,"11,50,408","9,41,371",82.3 %,"4,05,459",43.10%
335,Mandla,14,ST,Madhya Pradesh [2000 Onwards],Faggan Singh Kulaste,Bharatiya Janta Party,"19,01,547","15,17,255",81.5 %,"97,674",6.40%
336,Mandsour,23,GEN,Madhya Pradesh [2000 Onwards],Sudheer Gupta,Bharatiya Janta Party,"17,14,857","13,70,667",80.5 %,"3,76,734",27.50%
337,Mandya,20,GEN,Karnataka,Sumalatha Ambareesh,Independent,"16,84,216","13,79,210",82.1 %,"1,25,876",9.10%
338,Mangaldoi,8,GEN,Assam,Dilip Saikia,Bharatiya Janta Party,"17,23,812","15,06,107",88.4 %,"1,38,545",9.20%
339,Mathura,17,GEN,Uttar Pradesh [2000 Onwards],Hema Malini,Bharatiya Janta Party,"17,48,275","11,02,731",63.4 %,"2,93,471",26.60%
340,Mathurapur,20,SC,West Bengal,Choudhury Mohan Jatua,All India Trinamool Congress,"18,10,407","14,01,953",77.8 %,"2,03,974",14.50%
341,Maval,33,GEN,Maharashtra,Shrirang Appa Chandu Barne,Shiv Sena,"21,75,681","13,68,872",63.6 %,"2,15,913",15.80%
342,Mavelikkara,16,SC,Kerala,Kodikunnil Suresh,Indian National Congress,"12,64,914","9,71,035",77.2 %,"61,138",6.30%
343,Mayiladuthurai,28,GEN,Tamil Nadu,Ramalingam. S,Dravida Munetra Kazhagam,"14,66,813","10,97,243",75.4 %,"2,61,314",23.80%
344,Mayurbhanj,5,ST,Orissa,Bishweswar Tudu,Bharatiya Janta Party,"14,37,970","11,50,357",81.5 %,"25,256",2.20%
345,Medak,6,GEN,Telangana,Kotha Prabhakar Reddy,Telangana Rashtra Samithi,"15,14,728","11,50,223",77.0 %,"3,16,427",27.50%
346,Medinipur,34,GEN,West Bengal,Dilip Ghosh,Bharatiya Janta Party,"18,15,330","14,09,815",78.5 %,"88,952",6.30%
347,Meerut,10,GEN,Uttar Pradesh [2000 Onwards],Rajendra Agarwal,Bharatiya Janta Party,"18,17,780","12,16,413",67.3 %,"4,729",0.40%
348,Mirzapur,79,GEN,Uttar Pradesh [2000 Onwards],Anupriya Singh Patel,Apna Dal (Soneylal),"18,05,890","11,08,965",62.3 %,"2,32,008",20.90%
349,Misrikh,32,SC,Uttar Pradesh [2000 Onwards],Ashok Kumar Rawat,Bharatiya Janta Party,"17,62,049","10,26,668",58.8 %,"1,00,672",9.80%
350,Mizoram,1,ST,Mizoram,C Lalrosanga,Mizo National Front,"7,25,057","4,99,621",69.3 %,"8,140",1.60%
351,Mohanlalganj,34,SC,Uttar Pradesh [2000 Onwards],Kaushal Kishore,Bharatiya Janta Party,"19,15,170","12,69,040",66.8 %,"90,229",7.10%
352,Moradabad,6,GEN,Uttar Pradesh [2000 Onwards],Dr. S.T. Hasan,Samajwadi Party,"18,86,615","12,82,206",68.3 %,"97,878",7.60%
353,Morena,1,GEN,Madhya Pradesh [2000 Onwards],Narendra Singh Tomar,Bharatiya Janta Party,"17,39,025","11,37,290",65.5 %,"1,13,341",10.00%
354,Mumbai North,26,GEN,Maharashtra,Gopal Shetty,Bharatiya Janta Party,"15,63,706","9,89,759",64.1 %,"4,65,247",47.00%
355,Mumbai North Central,29,GEN,Maharashtra,Poonam Mahajan,Bharatiya Janta Party,"16,10,246","9,01,784",56.7 %,"1,30,005",14.40%
356,Mumbai North East,28,GEN,Maharashtra,Manoj Kotak,Bharatiya Janta Party,"15,27,514","9,08,993",60.3 %,"2,26,486",24.90%
357,Mumbai North West,27,GEN,Maharashtra,Gajanan Kirtikar,Shiv Sena,"19,08,991","9,41,497",50.3 %,"2,60,328",27.70%
358,Mumbai South,31,GEN,Maharashtra,Arvind Ganpat Sawant,Shiv Sena,"15,37,955","8,01,611",53.1 %,"1,00,067",12.50%
359,Mumbai South Central,30,GEN,Maharashtra,Rahul Ramesh Shewale,Shiv Sena,"13,88,390","7,97,250",58.4 %,"1,52,139",19.10%
360,Munger,28,GEN,Bihar [2000 Onwards],Rajiv Ranjan Singh Alias Lalan Singh,Janata Dal (United),"18,70,993","10,36,268",55.9 %,"1,67,937",16.20%
361,Murshidabad,11,GEN,West Bengal,Abu Taher Khan,All India Trinamool Congress,"18,24,697","14,53,755",80.5 %,"2,26,417",15.60%
362,Muzaffarnagar,3,GEN,Uttar Pradesh [2000 Onwards],Sanjeev Kumar Balyan,Bharatiya Janta Party,"16,47,368","11,60,071",70.7 %,"6,526",0.60%
363,Muzaffarpur,15,GEN,Bihar [2000 Onwards],Ajay Nishad,Bharatiya Janta Party,"17,10,868","10,58,086",62.4 %,"4,09,988",38.70%
364,Mysore,21,GEN,Karnataka,Prathap Simha,Bharatiya Janta Party,"18,73,063","13,18,041",70.7 %,"1,38,647",10.50%
365,Nabarangpur,12,ST,Orissa,Ramesh Chandra Majhi,Biju Janata Dal,"14,01,704","11,59,700",85.9 %,"41,634",3.60%
366,Nagaland,1,ST,Nagaland,Tokheho Yepthomi,Nationalist Democratic Progressive Party,"11,90,285","10,06,357",84.7 %,"16,344",1.60%
367,Nagapattinam,29,SC,Tamil Nadu,Selvaraj M,Communist Party Of India,"12,92,695","10,02,208",78.3 %,"2,11,353",21.10%
368,Nagarkurnool,12,SC,Telangana,Pothuganti Ramulu,Telangana Rashtra Samithi,"15,01,178","9,89,847",66.8 %,"1,89,748",19.20%
369,Nagaur,14,GEN,Rajasthan,Hanuman Beniwal,Rashtriya Loktantrik Party,"17,41,967","12,03,124",69.8 %,"1,81,260",15.10%
370,Nagina,5,SC,Uttar Pradesh [2000 Onwards],Girish Chandra,Bahujan Samaj Party,"15,38,579","10,09,456",66.0 %,"1,66,832",16.50%
371,Nagpur,10,GEN,Maharashtra,Nitin Jairam Gadkari,Bharatiya Janta Party,"20,60,047","11,86,051",57.8 %,"2,16,009",18.20%
372,Nainital-Udham,4,GEN,Uttarakhand,Ajay Bhatt,Bharatiya Janta Party,"17,54,749","12,58,570",72.3 %,"3,39,096",26.90%
373,Nalanda,29,GEN,Bihar [2000 Onwards],Kaushlendra Kumar,Janata Dal (United),"18,09,760","10,31,286",57.5 %,"2,56,137",24.80%
374,Nalgonda,13,GEN,Telangana,Uttam Kumar Reddy Nalamada,Indian National Congress,"15,01,209","11,75,703",78.7 %,"25,682",2.20%
375,Namakkal,16,GEN,Tamil Nadu,Chinraj A.K.P,Dravida Munetra Kazhagam,"13,83,282","11,33,774",83.1 %,"2,65,151",23.40%
376,Nanded,16,GEN,Maharashtra,Prataprao Patil Chikhalikar,Bharatiya Janta Party,"16,32,971","11,29,350",69.5 %,"40,148",3.60%
377,Nandurbar,1,ST,Maharashtra,Dr. Heena Vijaykumar Gavit,Bharatiya Janta Party,"17,96,321","12,81,738",72.6 %,"95,629",7.50%
378,Nandyal,17,,Andhra Pradesh [2014 Onwards],Pocha . Brahmananda Reddy,Yuvajana Sramika Rythu Congress Party,"14,02,585","12,99,093",93.3 %,"2,50,119",19.30%
379,Narasaraopet,14,,Andhra Pradesh [2014 Onwards],Lavu Sri Krishna Devarayalu,Yuvajana Sramika Rythu Congress Party,"15,45,916","14,37,420",93.8 %,"1,54,002",10.70%
380,Narsapuram,9,,Andhra Pradesh [2014 Onwards],Kanumuru Raghu Rama Krishna Raju,Yuvajana Sramika Rythu Congress Party,"12,94,966","11,77,738",91.9 %,"32,676",2.80%
381,Nashik,21,GEN,Maharashtra,Godse Hemant Tukaram,Shiv Sena,"17,64,151","11,21,232",64.0 %,"2,92,204",26.10%
382,Navsari,25,GEN,Gujarat,C. R. Patil,Bharatiya Janta Party,"19,04,607","13,08,018",69.2 %,"6,89,668",52.70%
383,Nawada,39,GEN,Bihar [2000 Onwards],Chandan Singh,Lok Jan Shakti Party,"18,92,017","9,42,462",51.7 %,"1,48,072",15.70%
384,Nellore,22,,Andhra Pradesh [2014 Onwards],Adala Prabhakara Reddy,Yuvajana Sramika Rythu Congress Party,"14,60,959","12,87,036",89.3 %,"1,48,571",11.50%
385,New Delhi,4,GEN,Delhi [1977 Onwards],Durga Prasad Pande,Bharatiya Janta Party,"14,90,147","9,20,541",62.2 %,"2,56,504",27.90%
386,Nilgiris,19,SC,Tamil Nadu,"Raja, A.",Dravida Munetra Kazhagam,"13,36,480","10,10,719",77.0 %,"2,05,823",20.40%
387,Nizamabad,4,GEN,Telangana,Arvind Dharmapuri,Bharatiya Janta Party,"14,45,388","10,62,768",73.7 %,"70,875",6.70%
388,North East Delhi,2,GEN,Delhi [1977 Onwards],"Goswami, Sukadev",Bharatiya Janta Party,"19,57,707","14,61,475",74.9 %,"3,66,102",25.10%
389,North Goa,1,GEN,Goa,Shripad Yesso Naik,Bharatiya Janta Party,"5,45,009","4,28,628",79.9 %,"80,247",18.70%
390,North West Delhi,5,SC,Delhi [1977 Onwards],Ram Raksha Upadhya,Bharatiya Janta Party,"21,94,425","14,02,962",64.4 %,"5,53,897",39.50%
391,Nowgong,10,GEN,Assam,Pradyut Bordoloi,Indian National Congress,"17,36,245","14,93,475",86.6 %,"16,752",1.10%
392,Ongole,16,,Andhra Pradesh [2014 Onwards],Magunta Sreenivasulu Reddy,Yuvajana Sramika Rythu Congress Party,"14,10,224","13,42,368",96.7 %,"2,14,851",16.00%
393,Osmanabad,40,GEN,Maharashtra,Omprakash Bhupalsinh Alias Pawan Rajenimbalkar,Shiv Sena,"17,83,129","12,04,730",68.1 %,"1,27,566",10.60%
394,Outer Manipur,2,ST,Manipur,Lorho S. Pfoze,Naga Peoples Front,"9,18,966","8,58,029",93.7 %,"73,782",8.60%
395,Palakkad,8,GEN,Kerala,V K Sreekandan,Indian National Congress,"12,74,734","10,28,249",81.2 %,"11,637",1.10%
396,Palamau,13,SC,Jharkhand,Vishnu Dayal Ram,Bharatiya Janta Party,"18,00,197","12,09,747",67.5 %,"4,77,606",39.50%
397,Palghar,22,ST,Maharashtra,Rajendra Dhedya Gavit,Shiv Sena,"17,27,531","12,01,941",71.3 %,"88,883",7.40%
398,Pali,15,GEN,Rajasthan,P. P. Chaudhary,Bharatiya Janta Party,"21,05,101","13,59,799",65.3 %,"4,81,597",35.40%
399,Panchmahal,18,GEN,Gujarat,Ratansinh Magansinh Rathod,Bharatiya Janta Party,"16,96,054","10,83,676",65.1 %,"4,28,541",39.50%
400,Parbhani,17,GEN,Maharashtra,Jadhav Sanjay (BANDU) HARIBHAU,Shiv Sena,"19,02,298","12,52,782",66.1 %,"42,199",3.40%
401,Paschim Champaran,2,GEN,Bihar [2000 Onwards],Dr. Sanjay Jaiswal,Bharatiya Janta Party,"16,06,271","10,12,936",65.9 %,"2,93,906",29.00%
402,Pataliputra,31,GEN,Bihar [2000 Onwards],Ram Kripal Yadav,Bharatiya Janta Party,"19,09,112","10,77,749",56.8 %,"39,321",3.60%
403,Patan,3,GEN,Gujarat,Dabhi Bharatsinhji Shankarji,Bharatiya Janta Party,"16,89,822","11,26,256",67.5 %,"1,93,879",17.20%
404,Pathanamthitta,17,GEN,Kerala,Anto Antony,Indian National Congress,"13,32,683","10,26,553",77.3 %,"44,243",4.30%
405,Patiala,13,GEN,Punjab,Preneet Kaur,Indian National Congress,"16,91,510","11,77,903",70.3 %,"1,62,718",13.80%
406,Patna Sahib,30,GEN,Bihar [2000 Onwards],Ravi Shankar Prasad,Bharatiya Janta Party,"21,36,800","9,82,285",46.2 %,"2,84,657",29.00%
407,Peddapalle,2,SC,Telangana,Venkatesh Netha Borlakunta,Telangana Rashtra Samithi,"13,68,475","9,70,051",71.5 %,"95,180",9.80%
408,Perambalur,25,GEN,Tamil Nadu,"Dr.Paarivendhar, T. R",Dravida Munetra Kazhagam,"13,76,502","11,02,767",80.9 %,"4,03,518",36.60%
409,Phulpur,51,GEN,Uttar Pradesh [2000 Onwards],Keshari Devi Patel,Bharatiya Janta Party,"19,50,247","9,78,236",50.6 %,"1,71,968",17.60%
410,Pilibhit,26,GEN,Uttar Pradesh [2000 Onwards],Feroze Varun Gandhi,Bharatiya Janta Party,"17,30,628","11,86,589",69.1 %,"2,55,627",21.50%
411,Pollachi,21,GEN,Tamil Nadu,Shanmuga Sundaram. K,Dravida Munetra Kazhagam,"17,16,498","10,81,875",63.9 %,"1,75,883",16.30%
412,Ponnani,7,GEN,Kerala,E. T. Mohammed Basheer,Indian Union Muslim League,"12,65,341","10,17,265",80.9 %,"1,93,273",19.00%
413,Porbandar,11,GEN,Gujarat,Rameshbhai Lavjibhai Dhaduk,Bharatiya Janta Party,"16,26,015","9,49,947",58.9 %,"2,29,823",24.20%
414,Pratapgarh,39,GEN,Uttar Pradesh [2000 Onwards],Sangam Lal Gupta,Bharatiya Janta Party,"16,70,655","9,14,665",55.5 %,"1,17,752",12.90%
415,Puducherry,1,GEN,Pondicherry,Ve. Vaithilingam,Indian National Congress,"9,69,845","7,90,760",82.8 %,"1,97,025",24.90%
416,Pune,34,GEN,Maharashtra,Girish Bhalchandra Bapat,Bharatiya Janta Party,"19,97,594","10,35,236",52.4 %,"3,24,628",31.40%
417,Puri,17,GEN,Orissa,Pinaki Misra,Biju Janata Dal,"15,00,546","11,35,620",76.2 %,"11,714",1.00%
418,Purnia,12,GEN,Bihar [2000 Onwards],Santosh Kumar,Janata Dal (United),"20,55,471","11,53,940",57.0 %,"2,63,461",22.80%
419,Purulia,35,GEN,West Bengal,Jyotirmay Singh Mahato,Bharatiya Janta Party,"17,61,215","13,55,236",77.6 %,"2,04,732",15.10%
420,Purvi Champaran,3,GEN,Bihar [2000 Onwards],Radha Mohan Singh,Bharatiya Janta Party,"16,31,187","9,99,400",62.7 %,"2,93,648",29.40%
421,Rae Bareli,36,GEN,Uttar Pradesh [2000 Onwards],Sonia Gandhi,Indian National Congress,"16,28,549","9,58,556",59.5 %,"1,67,178",17.40%
422,Raichur,6,ST,Karnataka,Raja Amareshwara Naik,Bharatiya Janta Party,"18,96,652","11,24,385",60.1 %,"1,17,716",10.50%
423,Raigad,32,GEN,Maharashtra,Tatkare Sunil Dattatray,Nationalist Congress Party,"15,98,012","10,25,467",64.9 %,"31,438",3.10%
424,Raiganj,5,GEN,West Bengal,Debasree Chaudhuri,Bharatiya Janta Party,"15,31,944","12,77,109",84.3 %,"60,574",4.70%
425,Raigarh,2,ST,Chhattisgarh,Gomati Sai,Bharatiya Janta Party,"17,14,355","13,50,124",79.7 %,"66,027",4.90%
426,Raipur,8,GEN,Chhattisgarh,Sunil Kumar Soni,Bharatiya Janta Party,"20,46,014","13,96,250",68.5 %,"3,48,238",24.90%
427,Rajahmundry,8,,Andhra Pradesh [2014 Onwards],Margani Bharat,Yuvajana Sramika Rythu Congress Party,"13,82,260","12,50,427",91.8 %,"1,21,634",9.70%
428,Rajampet,24,,Andhra Pradesh [2014 Onwards],P.V.Midhun Reddy,Yuvajana Sramika Rythu Congress Party,"14,06,762","12,24,354",88.6 %,"2,68,284",21.90%
429,Rajgarh,20,GEN,Madhya Pradesh [2000 Onwards],Rodmal Nagar,Bharatiya Janta Party,"16,49,452","12,60,329",77.0 %,"4,31,019",34.20%
430,Rajkot,10,GEN,Gujarat,Kundaria Mohanbhai Kalyanjibhai,Bharatiya Janta Party,"18,39,420","11,95,271",66.0 %,"3,68,407",30.80%
431,Rajmahal,1,ST,Jharkhand,Vijay Kumar Hansdak,Jharkhand Mukti Morcha,"14,22,969","10,47,657",74.5 %,"99,195",9.50%
432,Rajnandgaon,6,GEN,Chhattisgarh,Santosh Pandey,Bharatiya Janta Party,"16,88,647","13,07,033",78.6 %,"1,11,966",8.60%
433,Rajsamand,22,GEN,Rajasthan,Diya Kumari,Bharatiya Janta Party,"18,63,749","12,39,845",67.2 %,"5,51,916",44.50%
434,Ramanathapuram,35,GEN,Tamil Nadu,K. Navaskani,Indian Union Muslim League,"15,53,058","10,66,146",69.1 %,"1,27,122",11.90%
435,Rampur,7,GEN,Uttar Pradesh [2000 Onwards],Mohammad Azam Khan,Samajwadi Party,"16,58,551","10,60,921",64.4 %,"1,09,997",10.40%
436,Ramtek,9,SC,Maharashtra,Krupal Balaji Tumane,Shiv Sena,"18,18,912","11,96,744",66.5 %,"1,26,783",10.60%
437,Ranaghat,13,SC,West Bengal,Jagannath Sarkar,Bharatiya Janta Party,"19,74,979","14,84,035",75.6 %,"2,33,428",15.70%
438,Ranchi,8,GEN,Jharkhand,Sanjay Seth,Bharatiya Janta Party,"18,27,355","12,35,441",67.9 %,"2,83,026",22.90%
439,Ratlam,24,ST,Madhya Pradesh [2000 Onwards],Guman Singh Damor,Bharatiya Janta Party,"18,02,722","14,00,509",79.7 %,"90,636",6.50%
440,Ratnagiri - Si,46,GEN,Maharashtra,Vinayak Raut,Shiv Sena,"13,93,965","9,01,102",65.6 %,"1,78,322",19.80%
441,Raver,4,GEN,Maharashtra,Khadse Raksha Nikhil,Bharatiya Janta Party,"17,07,838","10,92,971",64.5 %,"3,35,882",30.70%
442,Rewa,10,GEN,Madhya Pradesh [2000 Onwards],Janardan Mishra,Bharatiya Janta Party,"16,28,121","10,13,251",62.4 %,"3,12,807",30.90%
443,Robertsganj,80,SC,Uttar Pradesh [2000 Onwards],Pakauri Lal Kol,Apna Dal (Soneylal),"16,72,073","9,88,287",60.4 %,"54,336",5.50%
444,Rohtak,7,GEN,Haryana,Arvind Kumar Sharma,Bharatiya Janta Party,"16,38,605","12,20,571",74.7 %,"7,503",0.60%
445,Sabarkantha,5,GEN,Gujarat,Rathod Dipsinh Shankarsinh,Bharatiya Janta Party,"16,95,262","12,18,354",72.2 %,"2,68,987",22.10%
446,Sagar,5,GEN,Madhya Pradesh [2000 Onwards],Rajbahadur Singh,Bharatiya Janta Party,"15,50,731","10,37,175",67.5 %,"3,05,542",29.50%
447,Saharanpur,1,GEN,Uttar Pradesh [2000 Onwards],Haji Fazlur Rehman,Bahujan Samaj Party,"16,77,662","12,31,746",73.7 %,"22,417",1.80%
448,Salem,15,GEN,Tamil Nadu,Parthiban.S.R,Dravida Munetra Kazhagam,"15,80,013","12,55,459",80.5 %,"1,46,926",11.70%
449,Salempur,71,GEN,Uttar Pradesh [2000 Onwards],Ravinder,Bharatiya Janta Party,"16,52,927","9,21,066",56.2 %,"1,12,477",12.20%
450,Samastipur,23,SC,Bihar [2000 Onwards],Ramchandra Paswan,Lok Jan Shakti Party,"16,55,671","10,19,025",63.7 %,"2,51,643",24.70%
451,Sambalpur,3,GEN,Orissa,Nitesh Ganga Deb,Bharatiya Janta Party,"13,99,694","11,24,455",81.3 %,"9,162",0.80%
452,Sambhal,8,GEN,Uttar Pradesh [2000 Onwards],Dr. Shafiqur Rehman Barq,Samajwadi Party,"17,82,261","11,83,469",66.8 %,"1,74,826",14.80%
453,Sangli,44,GEN,Maharashtra,Sanjaykaka Patil,Bharatiya Janta Party,"14,24,936","11,89,958",84.0 %,"1,64,352",13.80%
454,Sangrur,12,GEN,Punjab,Bhagwant Mann,Aam Aadmi Party,"15,01,950","11,05,888",74.1 %,"1,10,211",10.00%
455,Sant Kabir Nag,62,GEN,Uttar Pradesh [2000 Onwards],Praveen Kumar Nishad,Bharatiya Janta Party,"19,35,219","10,63,390",55.6 %,"35,749",3.40%
456,Saran,20,GEN,Bihar [2000 Onwards],Rajiv Pratap Rudy,Bharatiya Janta Party,"16,55,736","9,41,656",58.6 %,"1,38,429",14.70%
457,Sarguja,1,ST,Chhattisgarh,Renuka Singh Saruta,Bharatiya Janta Party,"16,17,451","12,80,689",81.0 %,"1,57,873",12.30%
458,Sasaram,34,SC,Bihar [2000 Onwards],Chhedi Paswan,Bharatiya Janta Party,"17,71,935","9,74,749",56.1 %,"1,65,745",17.00%
459,Satara,45,GEN,Maharashtra,Shrimant Chh. Udayanraje Pratapsinhmaharaj Bhonsle,Nationalist Congress Party,"17,53,567","11,15,434",64.1 %,"1,26,528",11.30%
460,Satna,9,GEN,Madhya Pradesh [2000 Onwards],Ganesh Singh,Bharatiya Janta Party,"15,33,662","11,13,656",72.8 %,"2,31,473",20.80%
461,Secundrabad,8,GEN,Telangana,G . Kishan Reddy,Bharatiya Janta Party,"18,90,049","9,15,106",48.9 %,"62,114",6.80%
462,Shahdol,12,ST,Madhya Pradesh [2000 Onwards],Himadri Singh,Bharatiya Janta Party,"16,26,916","12,37,858",77.3 %,"4,03,333",32.60%
463,Shahjahanpur,27,SC,Uttar Pradesh [2000 Onwards],Arun Kumar Sagar,Bharatiya Janta Party,"20,13,411","11,86,157",59.4 %,"2,68,418",22.60%
464,Sheohar,4,GEN,Bihar [2000 Onwards],Rama Devi,Bharatiya Janta Party,"16,60,635","10,04,559",60.9 %,"3,40,360",33.90%
465,Shillong,1,ST,Meghalaya,Vincent H. Pala,Indian National Congress,"11,54,272","7,84,190",68.3 %,"1,52,433",19.40%
466,Shimla,4,SC,Himachal Pradesh,Suresh Kumar Kashyap,Bharatiya Janta Party,"11,53,363","9,13,608",79.9 %,"3,27,515",35.80%
467,Shimoga,14,GEN,Karnataka,B.Y.Raghavendra.,Bharatiya Janta Party,"16,40,421","12,83,577",78.7 %,"2,23,360",17.40%
468,Shirdi,38,SC,Maharashtra,Sadashiv Kisan Lokhande,Shiv Sena,"15,24,878","10,29,362",67.9 %,"1,20,195",11.70%
469,Shirur,36,GEN,Maharashtra,Dr. Amol Ramsing Kolhe,Nationalist Congress Party,"20,45,438","12,93,117",63.5 %,"58,483",4.50%
470,Shrawasti,58,GEN,Uttar Pradesh [2000 Onwards],Ram Shiromani,Bahujan Samaj Party,"18,68,891","9,97,007",54.3 %,"5,320",0.50%
471,Sidhi,11,GEN,Madhya Pradesh [2000 Onwards],Riti Pathak,Bharatiya Janta Party,"18,22,205","12,82,705",70.7 %,"2,86,524",22.30%
472,Sikar,5,GEN,Rajasthan,Sumedhanand Saraswati,Bharatiya Janta Party,"19,77,129","13,26,969",67.5 %,"2,97,156",22.40%
473,Sikkim,1,GEN,Sikkim,Indra Hang Subba,Sikkim Krantikari Morcha,"4,10,317","3,51,746",86.3 %,"12,433",3.50%
474,Silchar,2,GEN,Assam,Rajdeep Roy,Bharatiya Janta Party,"10,02,420","9,49,696",95.6 %,"81,596",8.60%
475,Singhbhum,10,ST,Jharkhand,Geeta Kora,Indian National Congress,"12,30,774","8,79,329",73.4 %,"72,155",8.20%
476,Sirsa,3,SC,Haryana,Sunita Duggal,Bharatiya Janta Party,"17,40,188","13,69,486",79.0 %,"3,09,918",22.60%
477,Sitamarhi,5,GEN,Bihar [2000 Onwards],Sunil Kumar Pintu,Janata Dal (United),"17,38,001","10,38,849",60.4 %,"2,50,539",24.10%
478,Sitapur,30,GEN,Uttar Pradesh [2000 Onwards],Rajesh Verma,Bharatiya Janta Party,"16,53,132","10,64,521",64.9 %,"1,00,833",9.50%
479,Sivaganga,31,GEN,Tamil Nadu,Karti P Chidambaram,Indian National Congress,"15,29,700","10,84,468",71.5 %,"3,32,244",30.60%
480,Siwan,18,GEN,Bihar [2000 Onwards],Kavita Singh,Janata Dal (United),"17,80,670","9,84,810",55.8 %,"1,16,958",11.90%
481,Solapur,42,SC,Maharashtra,Shri. Sha. Bra. Dr. Jai Sidheshwar Shivachary Mahaswamiji,Bharatiya Janta Party,"17,47,242","10,84,514",62.4 %,"1,58,608",14.60%
482,Sonipat,6,GEN,Haryana,Ramesh Chander Kaushik,Bharatiya Janta Party,"14,93,894","11,29,532",75.8 %,"1,64,864",14.60%
483,South Delhi,7,GEN,Delhi [1977 Onwards],Badri Narain Sinha,Bharatiya Janta Party,"17,52,741","12,14,222",69.6 %,"3,67,043",30.20%
484,South Goa,2,GEN,Goa,Cosme Francisco Caitano Sardinha,Indian National Congress,"5,72,200","4,24,575",75.2 %,"9,755",2.30%
485,Srerampur,27,GEN,West Bengal,Kalyan Banerjee,All India Trinamool Congress,"19,83,013","14,01,705",71.7 %,"98,536",7.00%
486,Srikakulam,2,,Andhra Pradesh [2014 Onwards],Kinjarapu Ram Mohan Naidu,Telugu Desam,"14,10,763","11,57,329",83.9 %,"6,653",0.60%
487,Srinagar,2,,Jammu & Kashmir,Farooq Abdullah,Jammu & Kashmir National Conference,"12,05,233","1,86,832",15.6 %,"70,050",37.50%
488,Sriperumbudur,5,GEN,Tamil Nadu,Baalu.T.R.,Dravida Munetra Kazhagam,"21,76,499","14,06,782",65.7 %,"5,07,955",36.10%
489,Sultanpur,38,GEN,Uttar Pradesh [2000 Onwards],Maneka Sanjai Gandhi,Bharatiya Janta Party,"17,39,538","10,00,316",58.1 %,"14,526",1.50%
490,Sundargarh,2,ST,Orissa,Jual Oram,Bharatiya Janta Party,"15,08,886","11,00,129",73.8 %,"2,23,065",20.30%
491,Supaul,8,GEN,Bihar [2000 Onwards],Dileshwar Kamait,Janata Dal (United),"16,80,576","11,10,805",66.7 %,"2,66,853",24.00%
492,Surat,24,GEN,Gujarat,Darshana Vikram Jardosh,Bharatiya Janta Party,"16,06,425","10,68,412",67.2 %,"5,48,230",51.30%
493,Surendranagar,9,GEN,Gujarat,Dr. Munjapara Mahendrabhai,Bharatiya Janta Party,"18,12,702","10,77,726",59.9 %,"2,77,437",25.70%
494,Tamluk,30,GEN,West Bengal,Adhikari Dibyendu,All India Trinamool Congress,"18,39,886","14,46,499",79.2 %,"1,90,165",13.10%
495,Tehri Garhwal,1,GEN,Uttarakhand,Mala Rajya Laxmi Shah,Bharatiya Janta Party,"14,39,343","8,76,069",61.3 %,"3,00,586",34.30%
496,Tenkasi,37,SC,Tamil Nadu,Dhanush.M.Kumar,Dravida Munetra Kazhagam,"14,72,742","10,65,569",73.3 %,"1,20,286",11.30%
497,Tezpur,9,GEN,Assam,Pallab Lochan Das,Bharatiya Janta Party,"14,37,189","11,90,196",83.9 %,"2,42,841",20.40%
498,Thane,25,GEN,Maharashtra,Rajan Baburao Vichare,Shiv Sena,"21,78,348","11,70,518",54.7 %,"4,12,145",35.20%
499,Thanjavur,30,GEN,Tamil Nadu,"Palanimanickam,s.S.",Dravida Munetra Kazhagam,"14,43,417","10,59,223",74.4 %,"3,68,129",34.80%
500,Theni,33,GEN,Tamil Nadu,"Raveendranath Kumar, P",All India Anna Dravida Munnetra Kazhagam,"18,00,597","11,73,489",65.8 %,"76,693",6.50%
501,Thiruvallur,1,SC,Tamil Nadu,Dr.K.Jayakumar,Indian National Congress,"18,82,738","14,08,189",75.8 %,"3,56,955",25.30%
502,Thiruvananthap,20,GEN,Kerala,Dr. Shashi Tharoor,Indian National Congress,"13,30,409","10,10,180",76.3 %,"99,989",9.90%
503,Thoothukkudi,36,GEN,Tamil Nadu,Kanimozhi Karunanidhi,Dravida Munetra Kazhagam,"14,02,826","9,91,263",71.3 %,"3,47,209",35.00%
504,Thrissur,10,GEN,Kerala,T. N. Prathapan,Indian National Congress,"12,68,671","10,41,869",82.5 %,"93,633",9.00%
505,Tikamgarh,6,SC,Madhya Pradesh [2000 Onwards],Dr Virendra Kumar,Bharatiya Janta Party,"17,17,393","10,96,712",64.5 %,"3,48,059",31.70%
506,Tiruchirappall,24,GEN,Tamil Nadu,Thirunavukkarasar. Su,Indian National Congress,"14,89,425","10,48,062",71.3 %,"4,59,286",43.80%
507,Tirunelveli,38,GEN,Tamil Nadu,Gnanathiraviam S,Dravida Munetra Kazhagam,"15,26,692","10,39,761",68.8 %,"1,85,457",17.80%
508,Tirupati,23,,Andhra Pradesh [2014 Onwards],Balli Durga Prasad Rao,Yuvajana Sramika Rythu Congress Party,"15,09,361","13,13,515",88.7 %,"2,28,376",17.40%
509,Tiruppur,18,GEN,Tamil Nadu,"Subbarayan, K.",Communist Party Of India,"14,90,562","11,19,584",76.6 %,"93,368",8.30%
510,Tiruvannamalai,11,GEN,Tamil Nadu,Annadurai C N,Dravida Munetra Kazhagam,"14,31,287","11,51,729",81.3 %,"3,04,187",26.40%
511,Tonk-Sawai Mad,12,GEN,Rajasthan,Sukhbir Singh Jaunapuria,Bharatiya Janta Party,"18,93,418","12,33,458",65.6 %,"1,11,291",9.00%
512,Tripura East,2,ST,Tripura,Rebati Tripura,Bharatiya Janta Party,"11,73,233","10,45,417",90.1 %,"2,04,290",19.50%
513,Tripura West,1,GEN,Tripura,Pratima Bhoumik,Bharatiya Janta Party,"12,85,794","11,07,755",87.1 %,"3,05,689",27.60%
514,Tumkur,19,GEN,Karnataka,G. S. Basavaraj,Bharatiya Janta Party,"15,84,884","12,44,858",79.2 %,"13,339",1.10%
515,Tura,2,ST,Meghalaya,Agatha K. Sangma,National People's Party,"6,92,353","5,83,041",85.1 %,"64,030",11.00%
516,Udaipur,19,ST,Rajasthan,Arjunlal Meena,Bharatiya Janta Party,"20,08,400","14,54,518",73.8 %,"4,37,914",30.10%
517,Udhampur,5,,Jammu & Kashmir,Dr. Jitendra Singh,Bharatiya Janta Party,"14,90,244","11,80,123",79.7 %,"3,57,252",30.30%
518,Udupi Chikmaga,15,GEN,Karnataka,Shobha Karandlaje,Bharatiya Janta Party,"14,95,439","11,51,012",77.5 %,"3,49,599",30.40%
519,Ujiarpur,22,GEN,Bihar [2000 Onwards],Nityanand Rai,Bharatiya Janta Party,"15,88,209","9,69,284",61.9 %,"2,77,278",28.60%
520,Ujjain,22,SC,Madhya Pradesh [2000 Onwards],Anil Firojiya,Bharatiya Janta Party,"16,24,122","12,52,511",77.8 %,"3,65,637",29.20%
521,Uluberia,26,GEN,West Bengal,Sajda Ahmed,All India Trinamool Congress,"17,75,607","13,11,099",74.4 %,"2,15,359",16.40%
522,Unnao,33,GEN,Uttar Pradesh [2000 Onwards],Swami Sakshi Ji Maharaj,Bharatiya Janta Party,"21,60,607","12,37,076",57.8 %,"4,00,956",32.40%
523,Uttara Kannada,12,GEN,Karnataka,Anantkumar Hegde,Bharatiya Janta Party,"15,35,047","11,53,480",76.2 %,"4,79,649",41.60%
524,Vadakara,3,GEN,Kerala,K. Muraleedharan,Indian National Congress,"12,07,556","10,65,619",88.5 %,"84,663",7.90%
525,Vadodara,20,GEN,Gujarat,Ranjanben Bhatt,Bharatiya Janta Party,"17,07,484","12,22,348",72.6 %,"5,89,177",48.20%
526,Vaishali,16,GEN,Bihar [2000 Onwards],Veena Devi (W/o Dinesh Prasad Singh),Lok Jan Shakti Party,"17,21,658","10,74,730",63.0 %,"2,34,584",21.80%
527,Valmiki Nagar,1,GEN,Bihar [2000 Onwards],Baidyanath Prasad Mahto,Janata Dal (United),"16,41,701","10,32,090",65.0 %,"3,54,616",34.40%
528,Valsad,26,ST,Gujarat,Dr.K.C.Patel,Bharatiya Janta Party,"16,28,352","12,60,377",78.6 %,"3,53,797",28.10%
529,Varanasi,77,GEN,Uttar Pradesh [2000 Onwards],Narendra Modi,Bharatiya Janta Party,"17,84,093","10,60,476",59.7 %,"4,79,505",45.20%
530,Vidisha,18,GEN,Madhya Pradesh [2000 Onwards],Ramakant Bhargava,Bharatiya Janta Party,"17,00,678","12,50,244",74.0 %,"5,03,084",40.20%
531,Vijayawada,12,,Andhra Pradesh [2014 Onwards],Kesineni Srinivas (NANI),Telugu Desam,"13,62,762","12,77,711",94.4 %,"8,726",0.70%
532,Viluppuram,13,SC,Tamil Nadu,Ravikumar D,Dravida Munetra Kazhagam,"14,00,389","11,35,540",81.9 %,"1,28,068",11.30%
533,Virudhunagar,34,GEN,Tamil Nadu,"Manickam Tagore, B.",Indian National Congress,"14,61,240","10,74,735",74.7 %,"1,54,554",14.40%
534,Visakhapatnam,4,,Andhra Pradesh [2014 Onwards],M V V Satyanarayana,Yuvajana Sramika Rythu Congress Party,"15,34,088","12,39,754",81.9 %,"4,414",0.40%
535,Vizianagaram,3,,Andhra Pradesh [2014 Onwards],Bellana Chandra Sekhar,Yuvajana Sramika Rythu Congress Party,"13,80,455","12,17,890",90.4 %,"48,036",3.90%
536,Warangal,15,SC,Telangana,Dayakar Pasunoori,Telangana Rashtra Samithi,"15,78,335","10,61,645",68.5 %,"3,50,298",33.00%
537,Wardha,8,GEN,Maharashtra,Ramdas Chandrabhanji Tadas,Bharatiya Janta Party,"16,79,788","10,72,570",64.2 %,"1,87,191",17.50%
538,Wayanad,4,GEN,Kerala,Rahul Gandhi,Indian National Congress,"13,06,141","10,92,197",83.8 %,"4,31,770",39.50%
539,West Delhi,6,GEN,Delhi [1977 Onwards],Sant Prasad Sinha,Bharatiya Janta Party,"20,39,410","14,41,601",71.1 %,"5,78,486",40.10%
540,Yavatmal-Washi,14,GEN,Maharashtra,Bhavana Pundlikrao Gawali,Shiv Sena,"18,12,059","11,74,220",65.0 %,"1,17,939",10.00%
541,Zahirabad,5,GEN,Telangana,B.B.Patil,Telangana Rashtra Samithi,"14,11,026","10,44,365",74.8 %,"6,229",0.60%